# rock, generated by aixle
mtllib model.mtl
o rock
v -0.01703 0.72452 -1.07939
v 0.01602 0.72301 -1.07862
v -0.11305 0.83224 -1.07177
v -0.0392 0.79304 -1.09514
v 0.03946 0.78853 -1.09258
v 0.11156 0.82726 -1.07176
v -0.1226 0.89195 -1.07748
v -0.07936 0.90044 -1.09233
v 0.06295 0.89147 -1.09333
v 0.11118 0.91114 -1.08621
v 0.2175 0.94378 -1.07139
v -0.1305 0.9991 -1.07449
v -0.055 1.00095 -1.0991
v 0.06898 0.99233 -1.10934
v 0.16201 0.97928 -1.10286
v 0.26347 1.03413 -1.10576
v 0.33308 1.03785 -1.08227
v -0.13133 1.10535 -1.08167
v -0.02616 1.09429 -1.11227
v 0.01125 1.07183 -1.11052
v 0.17684 1.13824 -1.09215
v 0.28292 1.08973 -1.10507
v 0.32855 1.08513 -1.09112
v -0.14314 1.21516 -1.08526
v -0.01329 1.23193 -1.13475
v 0.02711 1.22331 -1.13871
v 0.17204 1.19338 -1.09851
v 0.22396 1.18088 -1.07976
v -0.22093 1.3394 -1.07646
v -0.16193 1.34394 -1.09341
v -0.0553 1.3134 -1.11793
v 0.04404 1.31388 -1.11446
v 0.12183 1.31532 -1.07956
v -0.22035 1.37374 -1.0723
v -0.16088 1.36828 -1.09402
v -0.05056 1.43209 -1.09621
v 0.02854 1.41706 -1.09937
v 0.10701 1.37365 -1.07014
v -0.01456 1.48248 -1.07574
v 0.00827 1.48535 -1.07494
v -0.04044 0.51128 -0.98506
v 0.04571 0.5113 -0.98631
v -0.23397 0.62047 -0.97461
v -0.14552 0.59912 -0.98365
v -0.05076 0.55328 -1.00296
v 0.05449 0.56985 -1.01514
v 0.1354 0.60075 -0.99581
v 0.22464 0.62306 -0.96912
v -0.33635 0.71603 -0.96911
v -0.25239 0.69175 -1.00058
v -0.15507 0.68476 -1.01909
v -0.04695 0.6928 -1.0622
v 0.04425 0.67127 -1.06002
v 0.15645 0.66183 -1.02845
v 0.26126 0.69661 -0.99757
v 0.35727 0.72077 -0.97642
v -0.63236 0.84198 -0.9642
v -0.58221 0.81977 -0.98523
v -0.44822 0.81551 -0.97635
v -0.38059 0.79913 -0.97536
v -0.27354 0.78038 -1.01473
v -0.17121 0.78656 -1.03557
v -0.08883 0.75879 -1.06662
v 0.09374 0.75618 -1.0689
v 0.14685 0.78745 -1.05464
v 0.26335 0.78386 -1.02137
v 0.37956 0.78186 -0.99209
v 0.43896 0.81483 -0.97423
v -0.6361 0.88842 -0.97152
v -0.58877 0.89015 -0.99615
v -0.48668 0.90532 -1.00037
v -0.3552 0.91101 -1.01591
v -0.26722 0.87659 -1.03237
v -0.16662 0.90241 -1.06105
v 0.18526 0.87907 -1.05899
v 0.2622 0.90126 -1.04401
v 0.38373 0.90443 -1.0119
v 0.44588 0.88678 -0.98338
v -0.63241 0.9491 -0.96418
v -0.5867 0.99614 -0.9772
v -0.45235 1.01667 -0.99646
v -0.37395 0.99661 -1.01476
v -0.26746 1.005 -1.04388
v -0.18288 0.99681 -1.0644
v 0.29064 0.96451 -1.06475
v 0.36981 0.97189 -1.03929
v 0.4537 1.00355 -0.98552
v -0.54624 1.09885 -0.96995
v -0.46882 1.10048 -0.98856
v -0.37333 1.11161 -1.0226
v -0.26009 1.10488 -1.04979
v -0.17152 1.10057 -1.07039
v 0.30978 1.15456 -1.06834
v 0.37273 1.12946 -1.06021
v 0.45859 1.12298 -0.98671
v -0.53772 1.19965 -0.97877
v -0.46852 1.22231 -0.99453
v -0.4039 1.22566 -1.01191
v -0.26294 1.20323 -1.04127
v -0.20025 1.1979 -1.06009
v 0.20442 1.25244 -1.06689
v 0.25284 1.21057 -1.05899
v 0.41867 1.21539 -1.01475
v 0.45537 1.22129 -0.99568
v 0.53271 1.25502 -0.96643
v -0.44121 1.30012 -0.9784
v -0.35646 1.30359 -1.02561
v -0.26487 1.3142 -1.06003
v -0.21032 1.26733 -1.06895
v 0.18308 1.32066 -1.0482
v 0.274 1.31968 -1.01891
v 0.39334 1.28282 -1.00556
v 0.47642 1.30825 -1.00244
v 0.56587 1.35174 -0.98451
v 0.6346 1.36761 -0.96573
v -0.42428 1.37418 -0.96612
v -0.36862 1.43013 -0.997
v -0.29442 1.44483 -1.03676
v -0.15781 1.41492 -1.07022
v -0.08984 1.46546 -1.06594
v 0.07707 1.45227 -1.06842
v 0.1607 1.39486 -1.03686
v 0.24471 1.43618 -0.99042
v 0.36596 1.41608 -0.98244
v 0.4678 1.42053 -0.98546
v 0.59272 1.3807 -0.97855
v 0.63473 1.37074 -0.96564
v -0.33223 1.48834 -0.97322
v -0.27491 1.50546 -1.00105
v -0.15011 1.56234 -0.98384
v -0.03178 1.53034 -1.05242
v 0.06064 1.54507 -1.05288
v 0.19213 1.52262 -1.01984
v 0.28294 1.53826 -0.96886
v 0.36981 1.48761 -0.97404
v 0.44933 1.48349 -0.97167
v -0.12444 1.59389 -0.97135
v -0.043 1.61816 -0.99918
v 0.02405 1.60964 -1.00571
v 0.15516 1.58242 -0.97798
v 0.21092 1.58009 -0.96407
v -0.12071 0.42074 -0.86507
v -0.0457 0.39432 -0.87206
v 0.05719 0.40349 -0.87693
v 0.11039 0.41818 -0.86236
v -0.3515 0.51925 -0.87334
v -0.27492 0.49898 -0.88491
v -0.17222 0.47232 -0.88526
v -0.0484 0.45805 -0.94784
v 0.06007 0.45524 -0.94654
v 0.15439 0.47468 -0.89973
v 0.25304 0.51698 -0.87251
v -0.65106 0.61545 -0.86968
v -0.58102 0.6083 -0.88506
v -0.47966 0.60165 -0.91161
v -0.36175 0.56866 -0.90198
v -0.2753 0.5883 -0.94218
v -0.15626 0.55086 -0.94514
v -0.1022 0.5289 -0.96234
v 0.10442 0.52723 -0.96358
v 0.15767 0.54566 -0.9447
v 0.26462 0.59245 -0.93102
v 0.36858 0.5944 -0.89995
v 0.48944 0.61522 -0.87898
v 0.5471 0.61791 -0.86979
v -0.75905 0.71436 -0.86625
v -0.69137 0.65746 -0.87719
v -0.56963 0.68851 -0.93724
v -0.49669 0.66178 -0.93361
v -0.37774 0.68616 -0.94612
v -0.3029 0.64487 -0.95882
v 0.29545 0.64505 -0.95689
v 0.38919 0.6892 -0.95309
v 0.46441 0.64831 -0.9029
v 0.57656 0.66992 -0.87662
v 0.64456 0.72281 -0.86357
v -0.77949 0.8068 -0.88251
v -0.67792 0.79781 -0.93209
v -0.58631 0.77425 -0.96505
v -0.46293 0.74175 -0.95481
v -0.40964 0.75083 -0.95892
v 0.41729 0.74339 -0.96218
v 0.50543 0.78677 -0.92985
v 0.59378 0.79391 -0.9025
v 0.65911 0.79557 -0.87763
v -0.85603 0.91945 -0.8685
v -0.80906 0.88865 -0.88783
v -0.69579 0.89155 -0.9364
v 0.50715 0.89414 -0.95123
v 0.57914 0.8907 -0.91819
v 0.65461 0.89777 -0.88348
v -0.85506 0.96465 -0.86598
v -0.78757 0.971 -0.89827
v -0.66342 0.9829 -0.94723
v -0.62234 1.0214 -0.95609
v 0.49729 0.99493 -0.95631
v 0.58944 0.97894 -0.90174
v 0.65828 0.99532 -0.8874
v 0.74253 1.03881 -0.86699
v -0.76387 1.12204 -0.88231
v -0.67526 1.10339 -0.92849
v -0.60612 1.11529 -0.9514
v 0.51026 1.11482 -0.93604
v 0.56638 1.09007 -0.89538
v 0.69414 1.12409 -0.88398
v 0.73812 1.07088 -0.8701
v -0.76901 1.18189 -0.87821
v -0.70372 1.19449 -0.89979
v -0.59513 1.23031 -0.95296
v -0.52495 1.26117 -0.96295
v 0.51248 1.1853 -0.95558
v 0.58433 1.21762 -0.93135
v 0.69267 1.18555 -0.88901
v 0.74999 1.22712 -0.86037
v -0.67315 1.28527 -0.86641
v -0.56276 1.30386 -0.92155
v -0.48542 1.33297 -0.94513
v 0.60216 1.31286 -0.95802
v 0.68844 1.35981 -0.93843
v 0.75606 1.32091 -0.87532
v -0.54694 1.38658 -0.87276
v -0.45051 1.4341 -0.92699
v -0.39896 1.44505 -0.96036
v 0.5168 1.47072 -0.9617
v 0.60341 1.42465 -0.96279
v 0.67369 1.41016 -0.94838
v 0.74627 1.41791 -0.86853
v -0.43549 1.49287 -0.87942
v -0.35865 1.5009 -0.92796
v -0.27127 1.5465 -0.92879
v -0.19889 1.57198 -0.95163
v 0.29751 1.55072 -0.95245
v 0.36901 1.55759 -0.95028
v 0.48334 1.50974 -0.95802
v 0.56871 1.52125 -0.93154
v 0.71916 1.53231 -0.87834
v 0.74518 1.48119 -0.8633
v -0.23116 1.58565 -0.88134
v -0.15999 1.60204 -0.9401
v -0.04845 1.68639 -0.94138
v 0.01701 1.66731 -0.96166
v 0.16231 1.64683 -0.91587
v 0.27303 1.59964 -0.91186
v 0.39375 1.63977 -0.90091
v 0.47144 1.67097 -0.8818
v 0.59302 1.65929 -0.86967
v 0.65369 1.59891 -0.87364
v -0.11068 1.69017 -0.86347
v -0.04186 1.72472 -0.91542
v 0.00717 1.71926 -0.90965
v 0.12685 1.7076 -0.86904
v 0.41753 1.68636 -0.85973
v 0.48159 1.69203 -0.86445
v 0.53011 1.68643 -0.85959
v -0.45716 0.4131 -0.76069
v -0.36611 0.4018 -0.76515
v -0.25745 0.39081 -0.80847
v -0.1323 0.36001 -0.81651
v -0.07242 0.36353 -0.82447
v 0.08179 0.37308 -0.81061
v 0.13152 0.38158 -0.80118
v 0.24888 0.41006 -0.76035
v -0.74143 0.52454 -0.75568
v -0.69467 0.50832 -0.77051
v -0.57647 0.46669 -0.78322
v -0.48235 0.43461 -0.77688
v -0.36731 0.44189 -0.80656
v -0.26303 0.43812 -0.84791
v -0.19396 0.4279 -0.85387
v 0.18102 0.44019 -0.83661
v 0.2797 0.47587 -0.8137
v 0.36567 0.47723 -0.79121
v 0.48996 0.47512 -0.77953
v 0.58808 0.50723 -0.77624
v 0.64954 0.51522 -0.76498
v -0.73628 0.57265 -0.78955
v -0.68391 0.57303 -0.81872
v -0.57652 0.55414 -0.84084
v -0.48594 0.53644 -0.85151
v -0.41663 0.52926 -0.85723
v 0.31191 0.5297 -0.85579
v 0.3805 0.53731 -0.83916
v 0.46755 0.56449 -0.84395
v 0.57933 0.58712 -0.84756
v 0.69107 0.561 -0.7935
v 0.76059 0.59267 -0.77152
v -0.84889 0.72248 -0.76131
v -0.80429 0.68755 -0.79695
v -0.72 0.64732 -0.84917
v 0.61561 0.65114 -0.85153
v 0.69291 0.67055 -0.82674
v 0.78617 0.67838 -0.79877
v 0.86052 0.71859 -0.76391
v -0.84311 0.79039 -0.80876
v -0.82232 0.79642 -0.84016
v 0.72238 0.80075 -0.84529
v 0.8096 0.77041 -0.81942
v 0.89951 0.80097 -0.79455
v 0.95181 0.83939 -0.75818
v -0.97492 0.93094 -0.78005
v -0.88684 0.90987 -0.85022
v -0.84184 0.84903 -0.8534
v 0.71145 0.89646 -0.85397
v 0.78105 0.91015 -0.83151
v 0.92792 0.91643 -0.78363
v 0.97776 0.90964 -0.75228
v -0.99711 1.00347 -0.80212
v -0.91059 0.96169 -0.84009
v -0.83618 1.0354 -0.85349
v 0.72146 0.96417 -0.84801
v 0.79236 1.00611 -0.83266
v 0.90908 1.00065 -0.78732
v 1.01187 1.03621 -0.77014
v 1.05571 1.05046 -0.75436
v -1.02624 1.09196 -0.78512
v -0.91084 1.11791 -0.82295
v -0.82645 1.09657 -0.85016
v 0.73422 1.15435 -0.85778
v 0.78449 1.0897 -0.83758
v 0.89812 1.10914 -0.78973
v 1.03026 1.1162 -0.7773
v 1.06001 1.11782 -0.76104
v -0.98257 1.20937 -0.78347
v -0.88179 1.21435 -0.8385
v -0.80247 1.20252 -0.85972
v -0.73184 1.25999 -0.85622
v 0.73559 1.1611 -0.85731
v 0.78466 1.21002 -0.83106
v 0.90191 1.24291 -0.78697
v 1.00886 1.1683 -0.77673
v 1.05587 1.16199 -0.75601
v -0.95769 1.28323 -0.76318
v -0.88788 1.31956 -0.78526
v -0.79366 1.3172 -0.81416
v -0.69098 1.32035 -0.83747
v -0.61517 1.35683 -0.85315
v 0.81476 1.31121 -0.81807
v 0.87036 1.2996 -0.78558
v 0.95072 1.2668 -0.75457
v -0.86339 1.38568 -0.7687
v -0.79386 1.41688 -0.77692
v -0.6803 1.45091 -0.78572
v -0.55061 1.42427 -0.85127
v -0.50805 1.45795 -0.84918
v 0.80929 1.39843 -0.79286
v 0.84978 1.38133 -0.75704
v -0.65858 1.49048 -0.76824
v -0.57837 1.54505 -0.77034
v -0.43971 1.54125 -0.82753
v -0.38555 1.55562 -0.84472
v -0.3098 1.57721 -0.85596
v 0.72961 1.55893 -0.8517
v 0.79515 1.51238 -0.7892
v -0.52822 1.58068 -0.75401
v -0.45655 1.60219 -0.7746
v -0.34468 1.60276 -0.81966
v -0.24583 1.60674 -0.8357
v -0.18279 1.65518 -0.8029
v 0.20167 1.68098 -0.85194
v 0.26752 1.66062 -0.83555
v 0.3558 1.67662 -0.84809
v 0.5971 1.66678 -0.85732
v 0.70326 1.64621 -0.77809
v 0.74886 1.59865 -0.76898
v -0.1446 1.69282 -0.79402
v -0.06431 1.74489 -0.83037
v 0.02589 1.75053 -0.83118
v 0.18147 1.74616 -0.79366
v 0.25897 1.73437 -0.77945
v 0.34997 1.73019 -0.7939
v 0.4808 1.71164 -0.83532
v 0.54109 1.73123 -0.79759
v 0.6415 1.69572 -0.76017
v -0.13173 0.31468 -0.65398
v -0.09663 0.31416 -0.65037
v 0.09532 0.31452 -0.64981
v 0.16164 0.31321 -0.65378
v 0.26303 0.3068 -0.66154
v 0.36725 0.31544 -0.65607
v 0.42486 0.31483 -0.64927
v -0.6462 0.41466 -0.65607
v -0.55287 0.40741 -0.71953
v -0.50927 0.39742 -0.72135
v -0.36216 0.35183 -0.68362
v -0.26331 0.33754 -0.7014
v -0.14486 0.31984 -0.71969
v -0.04011 0.32553 -0.6764
v 0.04181 0.34448 -0.71393
v 0.18748 0.33129 -0.70331
v 0.2353 0.34537 -0.70308
v 0.36412 0.36116 -0.69663
v 0.47623 0.35082 -0.67679
v 0.56226 0.37906 -0.68292
v 0.64395 0.41376 -0.65413
v -0.85579 0.49949 -0.67025
v -0.78982 0.48478 -0.70213
v -0.70835 0.46767 -0.72387
v -0.56795 0.42922 -0.74637
v -0.52585 0.42155 -0.75298
v 0.31333 0.4226 -0.75209
v 0.35883 0.42674 -0.75065
v 0.48284 0.42546 -0.7419
v 0.59023 0.45178 -0.73038
v 0.6632 0.46127 -0.70619
v 0.78019 0.52612 -0.70295
v 0.85065 0.51873 -0.659
v -0.87673 0.55611 -0.67959
v -0.80541 0.56313 -0.73333
v 0.72696 0.5333 -0.74503
v 0.7926 0.56322 -0.7244
v 0.84161 0.54594 -0.68553
v -0.95425 0.71891 -0.65208
v -0.89842 0.69167 -0.69426
v -0.83345 0.65264 -0.74399
v 0.82905 0.65261 -0.73749
v 0.87383 0.67448 -0.7027
v 0.95641 0.72874 -0.65814
v -1.05905 0.83553 -0.6517
v -0.97825 0.78587 -0.66335
v -0.92065 0.77847 -0.70599
v 0.93517 0.77462 -0.74799
v 1.01208 0.81612 -0.68898
v 1.06126 0.83552 -0.65397
v -1.0678 0.91672 -0.68439
v -1.00807 0.8975 -0.7117
v -0.93915 0.85315 -0.74512
v 1.00491 0.88229 -0.72199
v 1.07758 0.8949 -0.6638
v -1.11225 1.00047 -0.67698
v -1.04927 1.00593 -0.74161
v 1.04211 0.99412 -0.74576
v 1.0843 1.03961 -0.72982
v 1.16016 1.04878 -0.65028
v -1.08306 1.10209 -0.72142
v -1.05439 1.10326 -0.75439
v 1.11157 1.09906 -0.7182
v 1.16515 1.11812 -0.6654
v -1.09106 1.21186 -0.68961
v -1.03261 1.21564 -0.74203
v 1.03677 1.22804 -0.73867
v 1.08975 1.21797 -0.70914
v 1.16037 1.16212 -0.65948
v -1.07892 1.30345 -0.67173
v -1.0113 1.31765 -0.71759
v -0.93742 1.35324 -0.74498
v 0.90735 1.331 -0.73932
v 0.99651 1.30157 -0.70091
v 1.06659 1.27965 -0.66427
v -0.9832 1.40282 -0.68709
v -0.91819 1.42369 -0.72091
v -0.7955 1.44697 -0.74853
v -0.73015 1.46946 -0.74746
v 0.83301 1.45622 -0.74386
v 0.88356 1.41716 -0.70083
v 0.96163 1.38442 -0.66046
v -0.8837 1.50049 -0.67081
v -0.78637 1.50829 -0.69241
v -0.70479 1.53941 -0.69398
v -0.60563 1.56217 -0.74209
v 0.8141 1.53806 -0.73766
v 0.86424 1.53025 -0.66495
v -0.65268 1.58813 -0.6605
v -0.56798 1.6086 -0.7023
v -0.4463 1.66365 -0.69307
v -0.38632 1.66021 -0.68966
v -0.29344 1.65913 -0.67931
v -0.20031 1.67985 -0.74484
v 0.71306 1.66704 -0.73807
v 0.81391 1.6246 -0.69381
v 0.8546 1.59892 -0.66368
v -0.4214 1.68536 -0.64804
v -0.42123 1.68536 -0.64804
v -0.22792 1.69724 -0.67617
v -0.15012 1.71719 -0.70425
v -0.04568 1.77747 -0.6915
v 0.02515 1.7785 -0.73734
v 0.16822 1.78159 -0.7277
v 0.2705 1.79172 -0.7232
v 0.36504 1.763 -0.74113
v 0.4289 1.77833 -0.71688
v 0.57132 1.76978 -0.73688
v 0.6765 1.75108 -0.69263
v 0.75405 1.69598 -0.66306
v 0.20085 1.79322 -0.65692
v 0.27484 1.81318 -0.70362
v 0.34593 1.80652 -0.68007
v 0.4623 1.79962 -0.64695
v 0.53668 1.79336 -0.65381
v -0.44323 0.30805 -0.5523
v -0.37262 0.30087 -0.56156
v -0.26338 0.30778 -0.58142
v -0.15127 0.31094 -0.58951
v -0.06001 0.30421 -0.6089
v 0.04492 0.28467 -0.57327
v 0.14366 0.29558 -0.61007
v 0.25934 0.26865 -0.60695
v 0.37768 0.27335 -0.60771
v 0.47615 0.27807 -0.60528
v 0.53225 0.30409 -0.55577
v -0.84506 0.41813 -0.54834
v -0.82272 0.40782 -0.54552
v -0.68898 0.40126 -0.57449
v -0.58231 0.37156 -0.56867
v -0.46653 0.33145 -0.61242
v -0.37476 0.32547 -0.63292
v -0.26853 0.3186 -0.62589
v -0.20189 0.31635 -0.6465
v -0.02247 0.31727 -0.63967
v 0.02233 0.31751 -0.63993
v 0.51093 0.33894 -0.64905
v 0.56306 0.34731 -0.61269
v 0.66942 0.39478 -0.60082
v 0.7492 0.41309 -0.55188
v -0.8814 0.45709 -0.59225
v -0.83148 0.457 -0.62873
v -0.71785 0.43269 -0.63102
v 0.71675 0.43539 -0.62953
v 0.79021 0.44623 -0.60097
v 0.90765 0.49017 -0.59139
v 0.94863 0.52593 -0.54361
v -0.97755 0.60304 -0.58163
v -0.94738 0.56775 -0.60781
v 0.92903 0.52879 -0.59269
v 0.97585 0.56271 -0.54161
v -1.07206 0.7216 -0.55609
v -1.00267 0.68439 -0.60092
v -0.94342 0.64929 -0.64334
v 0.9403 0.65435 -0.6364
v 0.9857 0.69539 -0.6044
v 1.06348 0.72761 -0.55476
v -1.16725 0.82197 -0.56271
v -1.08899 0.7925 -0.61488
v -1.02925 0.74835 -0.62253
v 1.03444 0.76172 -0.62555
v 1.0913 0.78594 -0.59357
v 1.15942 0.84149 -0.54389
v -1.17959 0.90496 -0.6176
v -1.14986 0.90256 -0.64037
v 1.12665 0.89603 -0.61489
v 1.17571 0.89488 -0.55862
v -1.17195 0.97127 -0.62106
v -1.14428 0.99568 -0.64905
v 1.15163 0.981 -0.63829
v 1.23137 1.01328 -0.57435
v 1.26571 1.04927 -0.54497
v -1.1803 1.11323 -0.57848
v -1.14079 1.10473 -0.6317
v 1.22227 1.1103 -0.61408
v 1.26533 1.05429 -0.545
v -1.17129 1.21898 -0.56425
v -1.13963 1.21461 -0.60993
v 1.14639 1.23587 -0.63622
v 1.17551 1.21836 -0.62375
v -1.16529 1.28684 -0.55139
v -1.11602 1.36534 -0.59974
v -1.05321 1.3691 -0.64787
v 1.03134 1.3471 -0.63071
v 1.07495 1.31338 -0.5991
v 1.16562 1.27349 -0.55427
v -1.11354 1.39257 -0.58213
v -1.02027 1.42141 -0.63454
v -0.94667 1.47396 -0.64698
v 0.92829 1.45839 -0.63353
v 1.01534 1.42166 -0.59345
v 1.06219 1.38588 -0.5549
v -0.97767 1.50761 -0.57912
v -0.9046 1.53826 -0.61653
v -0.78572 1.56268 -0.62472
v -0.72159 1.57495 -0.63838
v 0.94905 1.54777 -0.56057
v 0.97173 1.50011 -0.5701
v -0.85714 1.59184 -0.55461
v -0.78386 1.60096 -0.56741
v -0.67315 1.61528 -0.59844
v -0.57007 1.66585 -0.60683
v -0.47199 1.68639 -0.62291
v -0.33663 1.68639 -0.6151
v -0.30702 1.67587 -0.63661
v 0.82896 1.67737 -0.63484
v 0.89622 1.64518 -0.60787
v -0.55349 1.7028 -0.56426
v -0.45667 1.71174 -0.58295
v -0.38054 1.71154 -0.58394
v -0.30955 1.74505 -0.56558
v -0.16858 1.77677 -0.61802
v -0.06757 1.78504 -0.63955
v 0.05439 1.78462 -0.63711
v 0.12504 1.78452 -0.64609
v 0.60752 1.78701 -0.64209
v 0.71813 1.78224 -0.60264
v 0.76096 1.76338 -0.57636
v 0.85399 1.70009 -0.56902
v -0.21953 1.79653 -0.54945
v -0.17648 1.80699 -0.55867
v -0.05232 1.81218 -0.57799
v 0.05194 1.80097 -0.59658
v 0.16683 1.78961 -0.60878
v 0.30979 1.84039 -0.63527
v 0.34828 1.85625 -0.58885
v 0.47425 1.82051 -0.60405
v 0.58871 1.80229 -0.61102
v 0.71131 1.80532 -0.55523
v 0.73761 1.79091 -0.54326
v 0.19758 0.20488 -0.44363
v 0.2615 0.19579 -0.44805
v 0.3325 0.20532 -0.44935
v -0.65181 0.30634 -0.44454
v -0.57567 0.3117 -0.45914
v -0.4899 0.30416 -0.50801
v -0.36487 0.28209 -0.47406
v -0.2648 0.27665 -0.48804
v -0.14969 0.27973 -0.48678
v -0.05379 0.27008 -0.48802
v 0.06862 0.2617 -0.49602
v 0.13047 0.24553 -0.48888
v 0.26493 0.22784 -0.5086
v 0.37393 0.22263 -0.47823
v 0.47343 0.25468 -0.51157
v 0.53723 0.28827 -0.50315
v -0.87175 0.40945 -0.48258
v -0.80538 0.36338 -0.47533
v -0.68938 0.32386 -0.46205
v -0.5769 0.34218 -0.5199
v -0.51252 0.32127 -0.53091
v 0.59609 0.31635 -0.50006
v 0.68742 0.34364 -0.49764
v 0.82059 0.4156 -0.48949
v 0.843 0.42101 -0.43821
v -0.95955 0.51596 -0.46318
v -0.91273 0.45725 -0.48562
v 0.82941 0.43602 -0.5167
v 0.88502 0.46411 -0.47266
v 0.95984 0.52391 -0.49069
v -0.99623 0.58329 -0.4856
v -0.94719 0.52788 -0.53982
v 1.0115 0.58 -0.47565
v 1.06258 0.62426 -0.44873
v -1.16981 0.72418 -0.44876
v -1.09803 0.68522 -0.47679
v -1.04102 0.65778 -0.49266
v 1.03668 0.66218 -0.51664
v 1.09562 0.7014 -0.48751
v 1.16262 0.7319 -0.44534
v -1.21376 0.78055 -0.47803
v -1.14557 0.75189 -0.52256
v 1.14504 0.78804 -0.5181
v 1.19198 0.80687 -0.4838
v -1.27924 0.91731 -0.44904
v -1.24698 0.86769 -0.4935
v 1.23766 0.87619 -0.49389
v 1.29329 0.90994 -0.45909
v -1.27332 0.97608 -0.46078
v -1.23797 1.00236 -0.51337
v 1.254 0.97622 -0.53416
v 1.31059 1.01565 -0.48004
v -1.26547 1.07159 -0.43953
v -1.23559 1.11631 -0.50494
v 1.26505 1.13006 -0.54003
v 1.29322 1.10399 -0.51016
v -1.23284 1.21157 -0.49214
v 1.24556 1.23155 -0.50562
v 1.30233 1.19125 -0.45536
v -1.20009 1.32371 -0.49918
v -1.15596 1.3658 -0.53478
v 1.12246 1.33311 -0.51232
v 1.21401 1.29029 -0.48196
v 1.26769 1.27016 -0.44124
v -1.18346 1.39731 -0.46585
v -1.13458 1.43593 -0.50191
v -1.04956 1.47121 -0.53868
v 1.04179 1.45543 -0.52937
v 1.10905 1.42845 -0.46464
v 1.17657 1.38436 -0.44546
v -1.0951 1.50501 -0.46118
v -1.02273 1.54945 -0.4806
v -0.93192 1.5698 -0.53112
v 0.94751 1.57912 -0.54161
v 0.97461 1.55793 -0.50254
v 1.07086 1.49397 -0.45819
v -0.96546 1.60789 -0.45516
v -0.89238 1.61346 -0.4927
v -0.76944 1.65082 -0.48813
v -0.68057 1.6698 -0.51342
v -0.62643 1.68198 -0.53934
v 0.93273 1.63921 -0.50153
v 0.97109 1.59041 -0.46279
v -0.73953 1.68617 -0.43848
v -0.67359 1.71344 -0.45167
v -0.5877 1.72276 -0.50994
v -0.47781 1.76032 -0.49498
v -0.36486 1.77989 -0.50967
v -0.29124 1.77818 -0.52769
v 0.7986 1.75899 -0.48895
v 0.87392 1.70517 -0.48241
v -0.43156 1.79599 -0.45018
v -0.36981 1.80532 -0.45889
v -0.26514 1.80041 -0.4917
v -0.13816 1.84119 -0.49995
v -0.03724 1.86688 -0.47913
v 0.04121 1.87099 -0.48234
v 0.12472 1.8759 -0.4645
v 0.25519 1.87912 -0.54372
v 0.38333 1.88829 -0.48062
v 0.47139 1.87577 -0.5043
v 0.5686 1.88279 -0.47229
v 0.68415 1.83925 -0.48892
v 0.74593 1.7961 -0.48637
v 0.42094 1.89605 -0.43751
v 0.47704 1.89836 -0.4469
v 0.53648 1.89959 -0.44491
v 0.16959 0.19482 -0.39791
v 0.26364 0.18737 -0.41513
v 0.34174 0.19387 -0.3993
v -0.65947 0.28513 -0.38306
v -0.58103 0.27196 -0.36205
v -0.48044 0.26021 -0.40052
v -0.37733 0.26203 -0.39347
v -0.25946 0.25289 -0.36492
v -0.14568 0.2579 -0.40824
v -0.05191 0.25454 -0.38922
v 0.017 0.25016 -0.38213
v 0.12326 0.21022 -0.39795
v 0.39197 0.21324 -0.39973
v 0.47423 0.24236 -0.39192
v 0.58912 0.29799 -0.39353
v 0.64625 0.31373 -0.35585
v -0.88509 0.41449 -0.40897
v -0.77992 0.33807 -0.41716
v -0.72445 0.31495 -0.3955
v 0.62753 0.31852 -0.42556
v 0.70737 0.33522 -0.39673
v 0.80967 0.3749 -0.38633
v 0.86246 0.42239 -0.37675
v -0.97471 0.47873 -0.37132
v -0.92131 0.44372 -0.38216
v 0.89892 0.45966 -0.36767
v 0.96352 0.50904 -0.38578
v -1.07842 0.60273 -0.3524
v -1.0448 0.58477 -0.38004
v 1.02345 0.55488 -0.40323
v 1.08839 0.59228 -0.37511
v -1.18311 0.70759 -0.3928
v -1.09631 0.63095 -0.36001
v -1.04854 0.63577 -0.42861
v 1.13606 0.64358 -0.38634
v 1.2046 0.69317 -0.3682
v -1.26844 0.82917 -0.35044
v -1.23686 0.7637 -0.37307
v 1.26143 0.76866 -0.37308
v 1.28812 0.80062 -0.36805
v -1.27916 0.9075 -0.43091
v -1.26159 0.85225 -0.42372
v 1.26352 0.84327 -0.43672
v 1.30758 0.86644 -0.40062
v -1.30766 0.99195 -0.39711
v 1.33779 0.99423 -0.39595
v -1.27455 1.07124 -0.43817
v -1.26286 1.14301 -0.4348
v 1.32872 1.13455 -0.40233
v -1.29155 1.21319 -0.36986
v -1.25596 1.21704 -0.43839
v 1.33967 1.21838 -0.39416
v -1.28399 1.31503 -0.35845
v -1.25023 1.30501 -0.4177
v 1.24961 1.34983 -0.4139
v 1.33298 1.29963 -0.36155
v -1.26881 1.37829 -0.33956
v -1.21228 1.41921 -0.39344
v -1.15267 1.46732 -0.42625
v 1.14042 1.46053 -0.41096
v 1.20551 1.41042 -0.40311
v 1.27405 1.37646 -0.33955
v -1.17553 1.48561 -0.35646
v -1.11793 1.54034 -0.36478
v -1.04565 1.57286 -0.42058
v 1.03749 1.56197 -0.41029
v 1.10862 1.50621 -0.39609
v 1.16668 1.48389 -0.34485
v -1.05973 1.58631 -0.34689
v -0.97285 1.61989 -0.41747
v -0.90102 1.65988 -0.39467
v -0.80645 1.67831 -0.41847
v 0.93757 1.64717 -0.37821
v 0.97762 1.61313 -0.39103
v 1.05478 1.5814 -0.33468
v -0.85631 1.69283 -0.34681
v -0.78391 1.71173 -0.36892
v -0.68366 1.74516 -0.384
v -0.58484 1.77601 -0.37505
v -0.50558 1.78468 -0.42018
v 0.81409 1.76801 -0.38483
v 0.86639 1.71302 -0.38987
v -0.548 1.79758 -0.34675
v -0.46396 1.81012 -0.40087
v -0.36683 1.85867 -0.37588
v -0.27565 1.89469 -0.35582
v -0.16862 1.88394 -0.41636
v -0.05182 1.89099 -0.41317
v 0.04667 1.89386 -0.40509
v 0.15991 1.88718 -0.39545
v 0.2712 1.88128 -0.38331
v 0.34913 1.89304 -0.41046
v 0.61559 1.89705 -0.39235
v 0.67349 1.87428 -0.40132
v 0.76646 1.80749 -0.38675
v -0.31701 1.89676 -0.33334
v -0.28038 1.90878 -0.33584
v -0.15389 1.8975 -0.35881
v -0.0556 1.90588 -0.35451
v 0.04905 1.9042 -0.35751
v 0.12816 1.89787 -0.34055
v 0.40747 1.90706 -0.39011
v 0.48001 1.91938 -0.39065
v 0.56405 1.92302 -0.3791
v -0.02041 0.20731 -0.23391
v 0.06574 0.21172 -0.2641
v 0.16027 0.18738 -0.27744
v 0.22988 0.17952 -0.31822
v 0.35213 0.19913 -0.30078
v 0.42203 0.20975 -0.22979
v -0.67616 0.28693 -0.26471
v -0.57913 0.25067 -0.27825
v -0.45747 0.22891 -0.27614
v -0.32619 0.24276 -0.25375
v -0.27024 0.24873 -0.31108
v -0.14852 0.22221 -0.30554
v -0.04214 0.22062 -0.26956
v 0.04949 0.22719 -0.30272
v 0.10594 0.21077 -0.33099
v 0.40413 0.21883 -0.29899
v 0.47568 0.2345 -0.25141
v 0.55751 0.26303 -0.26562
v 0.71065 0.30557 -0.27382
v 0.74144 0.31167 -0.23997
v -0.85957 0.42239 -0.27881
v -0.7937 0.37429 -0.24298
v -0.73694 0.32212 -0.26649
v 0.72035 0.32221 -0.31233
v 0.78546 0.34587 -0.29094
v 0.86099 0.40048 -0.28287
v -1.06624 0.51173 -0.25036
v -1 0.47486 -0.29956
v -0.90945 0.44045 -0.2946
v 0.92017 0.44039 -0.26378
v 0.99151 0.51794 -0.28264
v -1.16997 0.61966 -0.24417
v -1.11846 0.59234 -0.28335
v -1.04358 0.53122 -0.32255
v 1.0241 0.54351 -0.28242
v 1.14773 0.60879 -0.2955
v 1.17272 0.62294 -0.27707
v -1.26615 0.73294 -0.23328
v -1.22478 0.6747 -0.26109
v -1.14908 0.63788 -0.31915
v 1.15838 0.63236 -0.33086
v 1.21811 0.66395 -0.28718
v 1.2745 0.7249 -0.26057
v -1.28274 0.78027 -0.26705
v -1.26037 0.75688 -0.29982
v 1.26219 0.73967 -0.3278
v 1.30682 0.77854 -0.28754
v -1.31069 0.89578 -0.28115
v 1.33792 0.89104 -0.28339
v -1.37274 1.04668 -0.23734
v -1.35632 1.02236 -0.28729
v 1.35956 1.00307 -0.27058
v 1.37152 1.03051 -0.23508
v -1.37447 1.06842 -0.23728
v -1.35919 1.11371 -0.31858
v 1.36345 1.10596 -0.29774
v 1.37377 1.1007 -0.25748
v -1.34405 1.21904 -0.28293
v 1.37019 1.2321 -0.33021
v 1.39984 1.23144 -0.26143
v -1.31376 1.32497 -0.2909
v 1.3697 1.28958 -0.30106
v 1.39023 1.285 -0.2617
v -1.2969 1.4157 -0.26622
v -1.2621 1.45408 -0.28297
v 1.23395 1.45192 -0.30997
v 1.29369 1.38794 -0.30292
v -1.20547 1.5175 -0.27643
v -1.13939 1.5572 -0.29005
v 1.132 1.55789 -0.2584
v 1.22478 1.48607 -0.2723
v 1.2761 1.4781 -0.23506
v -1.08589 1.59358 -0.2773
v -0.9923 1.64604 -0.27936
v -0.93086 1.67381 -0.30668
v 0.92848 1.66672 -0.32264
v 0.99815 1.66948 -0.25649
v 1.06677 1.60734 -0.26883
v -0.96099 1.70049 -0.23198
v -0.89871 1.69768 -0.29001
v -0.78971 1.76044 -0.26094
v -0.70597 1.79172 -0.27162
v -0.62234 1.78502 -0.32018
v 0.81721 1.77262 -0.27133
v 0.87577 1.70926 -0.29018
v 0.96477 1.6952 -0.24095
v -0.66216 1.80571 -0.24474
v -0.59329 1.80697 -0.27386
v -0.47399 1.8405 -0.28273
v -0.39359 1.86956 -0.2852
v 0.19817 1.89544 -0.32166
v 0.31289 1.88824 -0.26813
v 0.32873 1.88792 -0.26371
v 0.62287 1.89705 -0.27241
v 0.68706 1.8652 -0.27009
v 0.76999 1.81076 -0.2608
v -0.32764 1.90098 -0.3
v -0.28068 1.9147 -0.31028
v -0.14191 1.908 -0.28561
v -0.04836 1.91756 -0.28573
v 0.04454 1.91573 -0.28653
v 0.16165 1.90168 -0.28562
v 0.25827 1.89792 -0.22561
v 0.38407 1.90547 -0.26401
v 0.48401 1.92663 -0.2774
v 0.57349 1.92008 -0.28679
v -0.22443 0.20351 -0.13766
v -0.15527 0.2008 -0.14889
v -0.05186 0.19647 -0.18193
v 0.07725 0.18464 -0.16746
v 0.16359 0.16951 -0.17419
v 0.27713 0.15147 -0.19441
v 0.36901 0.1573 -0.16416
v 0.43627 0.1853 -0.1358
v -0.67271 0.30207 -0.21126
v -0.54186 0.27897 -0.1715
v -0.48957 0.27076 -0.17375
v -0.38762 0.25168 -0.21007
v -0.29633 0.23625 -0.19298
v -0.14663 0.21466 -0.19717
v -0.09303 0.21295 -0.22355
v 0.50179 0.22503 -0.16671
v 0.57773 0.24627 -0.17213
v 0.71222 0.27319 -0.15409
v 0.7514 0.30571 -0.16612
v -0.86821 0.40717 -0.17982
v -0.76722 0.36349 -0.17905
v -0.72542 0.34819 -0.15975
v -0.6107 0.32432 -0.13225
v 0.79996 0.34937 -0.17163
v 0.86642 0.39907 -0.16908
v -1.16781 0.52208 -0.12313
v -1.13549 0.50537 -0.14665
v -0.9919 0.43185 -0.183
v -0.93388 0.42091 -0.19155
v 0.92118 0.44052 -0.17579
v 0.99425 0.51163 -0.16264
v -1.19086 0.56735 -0.15161
v -1.1449 0.54472 -0.1919
v 1.03646 0.54401 -0.16986
v 1.1058 0.58424 -0.1701
v 1.16579 0.62837 -0.17335
v -1.26647 0.71617 -0.1768
v -1.24297 0.66437 -0.1755
v 1.23163 0.66991 -0.18972
v 1.28652 0.71429 -0.17413
v -1.28872 0.77035 -0.18372
v 1.35113 0.7887 -0.18594
v 1.375 0.83653 -0.13751
v -1.33858 0.88045 -0.14547
v 1.36826 0.87718 -0.20896
v 1.39329 0.89828 -0.15107
v -1.38266 1.03059 -0.17535
v -1.36822 0.97141 -0.16595
v 1.368 0.95954 -0.22515
v 1.38908 0.99588 -0.18268
v -1.3862 1.08731 -0.18162
v -1.36745 1.14306 -0.21885
v 1.38587 1.10439 -0.17153
v -1.37562 1.17745 -0.14657
v -1.36331 1.22346 -0.17969
v 1.41691 1.24054 -0.17384
v -1.33358 1.31632 -0.18684
v 1.36478 1.36035 -0.20574
v 1.40851 1.30013 -0.17727
v -1.29945 1.43678 -0.16707
v -1.26212 1.47143 -0.21862
v 1.34566 1.41137 -0.18852
v 1.37411 1.37364 -0.13388
v -1.26964 1.48197 -0.14821
v -1.20895 1.54032 -0.21612
v -1.15758 1.57925 -0.22523
v 1.15167 1.57495 -0.21855
v 1.22262 1.5461 -0.19466
v 1.30961 1.51416 -0.13443
v -1.17294 1.60235 -0.15528
v -1.104 1.62995 -0.20899
v -1.03575 1.67571 -0.21345
v 1.03568 1.67445 -0.21857
v 1.08787 1.67935 -0.183
v 1.21334 1.6606 -0.12253
v 1.26671 1.58294 -0.12429
v -1.07163 1.709 -0.14129
v -1.01456 1.73151 -0.15929
v -0.87876 1.7772 -0.15702
v -0.80323 1.7632 -0.2211
v -0.73839 1.7769 -0.17582
v 0.8253 1.79172 -0.17818
v 0.87827 1.77491 -0.17829
v 1.01352 1.72148 -0.16181
v 1.10634 1.71544 -0.13666
v 1.16659 1.69345 -0.12679
v -0.85049 1.79451 -0.12895
v -0.80506 1.79938 -0.12028
v -0.70271 1.79302 -0.14664
v -0.56815 1.83936 -0.16862
v -0.48367 1.85374 -0.19091
v -0.38754 1.88644 -0.17349
v -0.01197 1.88612 -0.14499
v 0.01987 1.8849 -0.14496
v 0.3138 1.89612 -0.22451
v 0.31785 1.89553 -0.22545
v 0.59709 1.87249 -0.1555
v 0.72457 1.81289 -0.12779
v 0.80558 1.79214 -0.17984
v -0.33179 1.90611 -0.16493
v -0.28789 1.91529 -0.18495
v -0.15807 1.90562 -0.16025
v -0.05869 1.89755 -0.19337
v 0.07115 1.89495 -0.18403
v 0.15581 1.89728 -0.15966
v 0.2772 1.90379 -0.18558
v 0.38915 1.92424 -0.17634
v 0.47684 1.92715 -0.17841
v 0.54792 1.90253 -0.19144
v -0.21661 0.18822 -0.08241
v -0.17003 0.15906 -0.0425
v -0.03732 0.12319 -0.02247
v 0.09226 0.15119 -0.06301
v 0.14029 0.16482 -0.09469
v 0.26192 0.1432 -0.05372
v 0.36071 0.16213 -0.07189
v 0.46811 0.20167 -0.08962
v -0.55274 0.31153 -0.08508
v -0.47371 0.29935 -0.03613
v -0.37931 0.25445 -0.08613
v -0.27846 0.21619 -0.09163
v 0.5105 0.21531 -0.07872
v 0.58049 0.23862 -0.07297
v 0.67792 0.26617 -0.04105
v 0.75671 0.31705 -0.06435
v -0.87425 0.40177 -0.05877
v -0.80467 0.37586 -0.07841
v -0.67224 0.35916 -0.06731
v -0.57702 0.32503 -0.07242
v -0.52541 0.31636 -0.01771
v 0.79961 0.33985 -0.08729
v 0.84778 0.36689 -0.07108
v -1.16745 0.519 -0.10612
v -1.14581 0.50479 -0.08302
v -0.98212 0.43805 -0.08325
v -0.93846 0.42882 -0.06573
v 0.92211 0.44303 -0.07773
v 0.98204 0.49234 -0.07768
v -1.1908 0.5568 -0.0846
v -1.15408 0.53483 -0.02755
v 1.04869 0.53122 -0.06776
v 1.11218 0.5746 -0.08388
v 1.17746 0.62865 -0.07488
v -1.27732 0.69847 -0.05882
v -1.25519 0.66145 -0.06677
v 1.22853 0.66213 -0.06612
v 1.29529 0.71201 -0.06324
v -1.30423 0.78458 -0.06908
v 1.35054 0.76604 -0.067
v 1.37915 0.82197 -0.07007
v -1.3702 0.94206 -0.03872
v -1.35488 0.90181 -0.04697
v 1.41095 0.90099 -0.06641
v -1.39068 1.00897 -0.07357
v -1.3674 0.9504 -0.11035
v 1.41157 0.99364 -0.07942
v -1.40305 1.1085 -0.07135
v 1.41014 1.11279 -0.05078
v -1.38318 1.1712 -0.07802
v -1.36018 1.23395 -0.07088
v 1.42101 1.21652 -0.07852
v -1.33104 1.31376 -0.0704
v 1.40571 1.31867 -0.05228
v -1.30284 1.43284 -0.0826
v 1.36115 1.44917 -0.09038
v 1.37701 1.41314 -0.06864
v -1.28121 1.50233 -0.06996
v -1.24743 1.56759 -0.07606
v 1.33694 1.52532 -0.08359
v 1.37053 1.4764 -0.01906
v -1.21985 1.62217 -0.04388
v -1.14667 1.67598 -0.07797
v 1.25841 1.67862 -0.06115
v 1.29036 1.63382 -0.06145
v -1.15969 1.68642 -0.01758
v -1.09971 1.73106 -0.06986
v -1.03143 1.76024 -0.09402
v -0.91733 1.79051 -0.07334
v 0.80538 1.7878 -0.08358
v 0.94022 1.74674 -0.0907
v 0.98678 1.74208 -0.09768
v 1.11578 1.74146 -0.08008
v 1.21703 1.71846 -0.0486
v -0.86106 1.80345 -0.07637
v -0.80116 1.81755 -0.04996
v -0.66985 1.83377 -0.03342
v -0.58855 1.8486 -0.07988
v -0.46196 1.86591 -0.06585
v -0.40441 1.89258 -0.07459
v -0.02474 1.89195 -0.08485
v 0.02909 1.89096 -0.08283
v 0.59111 1.86837 -0.06511
v 0.72502 1.81745 -0.10728
v 0.79639 1.79207 -0.07938
v -0.35014 1.91964 -0.06105
v -0.25737 1.93703 -0.07598
v -0.17299 1.93504 -0.03807
v -0.04395 1.89706 -0.06692
v 0.05311 1.89631 -0.06784
v 0.15038 1.92354 -0.06852
v 0.28666 1.95412 -0.05256
v 0.36437 1.94113 -0.07523
v 0.48463 1.91911 -0.06872
v 0.53583 1.90191 -0.06764
v -0.21096 0.18087 0.05722
v -0.15183 0.14144 0.04283
v -0.07153 0.12908 0.035
v 0.04724 0.14889 0.0421
v 0.18404 0.16598 0.02633
v 0.28522 0.14762 0.04979
v 0.33565 0.15721 0.02393
v 0.4635 0.21172 0.03143
v -0.52812 0.31528 0.07348
v -0.48012 0.30757 0.04999
v -0.3812 0.25578 0.0565
v -0.28468 0.22827 0.03677
v 0.51842 0.22376 0.04011
v 0.58709 0.23612 0.03658
v 0.65908 0.25823 0.04941
v 0.77102 0.31705 0.04265
v -0.87121 0.39361 0.03596
v -0.78737 0.38712 0.01827
v -0.694 0.37565 0.00883
v -0.58118 0.32921 0.0235
v -0.52459 0.31765 -0.00064
v 0.82475 0.34517 0.05608
v 0.87454 0.37957 0.03274
v -1.07173 0.49051 0.03911
v -0.99087 0.46047 0.03936
v -0.93138 0.42583 0.03538
v 0.93177 0.43331 0.02748
v 0.9944 0.48657 0.02917
v -1.20826 0.5857 0.02008
v -1.15586 0.5476 0.04162
v 1.05079 0.52561 0.02678
v 1.1188 0.56564 0.01078
v 1.18267 0.61554 0.03262
v -1.29496 0.71755 0.0363
v -1.25106 0.65225 0.04457
v 1.23144 0.65666 0.04054
v 1.30382 0.72122 0.04069
v -1.32392 0.78456 0.0444
v 1.34781 0.76899 0.03616
v 1.39367 0.8295 0.03624
v -1.38926 0.93533 0.04697
v -1.36116 0.87574 0.05397
v 1.41177 0.87211 0.03674
v -1.40198 0.97941 0.04091
v 1.41461 0.99278 0.04872
v -1.4009 1.09149 0.03322
v 1.41584 1.10456 0.02968
v -1.37655 1.17496 0.04872
v -1.36037 1.23343 0.03801
v 1.41499 1.21311 0.03976
v -1.33305 1.31331 0.04765
v 1.40367 1.32356 0.05622
v -1.30595 1.42388 0.0347
v 1.37013 1.46726 0.04683
v 1.37909 1.44212 0.01559
v -1.27994 1.52335 0.04429
v -1.25682 1.5778 0.05255
v 1.35016 1.53212 0.05189
v 1.3702 1.47682 -0.01422
v -1.22207 1.64517 0.03873
v 1.25988 1.67779 -0.00099
v 1.29947 1.62616 0.02721
v -1.16687 1.69529 0.0408
v -1.13971 1.71447 0.0325
v -1.0094 1.76534 0.04744
v -0.90471 1.78425 0.04237
v -0.83896 1.79016 0.08502
v 0.81666 1.7643 0.04387
v 0.86465 1.74857 0.04326
v 1.01221 1.74095 0.03616
v 1.14994 1.74084 0.02799
v 1.21296 1.72158 -0.00418
v -0.86357 1.79377 0.01496
v -0.81066 1.80845 0.029
v -0.68266 1.8396 0.03544
v -0.57978 1.85565 0.04926
v -0.46291 1.8816 0.06333
v -0.41318 1.89705 0.03451
v 0.5166 1.88903 0.06028
v 0.57666 1.8806 0.02093
v 0.69187 1.85272 0.00401
v 0.75208 1.82289 0.03032
v -0.35963 1.92039 0.0223
v -0.26764 1.93337 0.01902
v -0.15919 1.9353 0.02302
v -0.03061 1.89958 0.0552
v 0.02736 1.90588 0.04794
v 0.1418 1.93231 0.03115
v 0.28987 1.95782 0.01715
v 0.35819 1.94575 0.04207
v 0.47192 1.9117 0.04795
v 0.5329 1.89813 -0.01119
v -0.32465 0.1982 0.16009
v -0.2702 0.17544 0.13965
v -0.16489 0.14497 0.11881
v -0.06742 0.13575 0.15151
v 0.0814 0.13639 0.15721
v 0.14324 0.13994 0.14325
v 0.26025 0.15114 0.14411
v 0.39362 0.1711 0.15385
v 0.46525 0.17732 0.16676
v 0.54113 0.19301 0.1617
v -0.54318 0.31705 0.13949
v -0.51122 0.30265 0.15285
v -0.35202 0.21642 0.13246
v -0.31052 0.21288 0.09067
v 0.52612 0.21079 0.09063
v 0.59169 0.20961 0.14723
v 0.68794 0.24841 0.14564
v 0.74153 0.28182 0.13617
v -0.84818 0.38971 0.14312
v -0.79032 0.37816 0.18746
v -0.67252 0.36069 0.15492
v -0.60053 0.33329 0.14743
v 0.80216 0.33486 0.12985
v 0.86973 0.39285 0.13108
v -1.06887 0.50454 0.13174
v -1.00552 0.47768 0.13747
v -0.92839 0.43095 0.13951
v 0.92953 0.43601 0.14062
v 0.99195 0.48992 0.1436
v -1.1752 0.61014 0.13568
v -1.12323 0.5383 0.1307
v 1.04198 0.53131 0.14074
v 1.10392 0.57183 0.15634
v 1.17596 0.61402 0.14822
v -1.27075 0.7356 0.14905
v -1.23335 0.68367 0.14078
v 1.24106 0.66549 0.15548
v 1.28737 0.71025 0.13406
v -1.30611 0.78581 0.1342
v 1.34738 0.80106 0.13836
v 1.37694 0.83474 0.10848
v -1.37789 0.93257 0.10587
v -1.35919 0.90297 0.14202
v 1.36133 0.85522 0.17914
v 1.38472 0.88908 0.15098
v -1.38621 0.98526 0.11378
v -1.36725 0.98618 0.16806
v 1.39985 1.00651 0.14374
v -1.38205 1.11713 0.09805
v -1.36438 1.12175 0.15055
v 1.40992 1.10163 0.14403
v -1.3723 1.16883 0.09444
v -1.35323 1.20043 0.14116
v 1.41104 1.20632 0.13388
v -1.32797 1.31725 0.13509
v 1.36638 1.35939 0.18422
v 1.40039 1.32445 0.12011
v -1.30245 1.43117 0.14906
v 1.35594 1.42858 0.138
v 1.37906 1.39325 0.1128
v -1.28198 1.5031 0.14391
v -1.26505 1.54158 0.13472
v 1.31609 1.51294 0.1572
v -1.20335 1.64184 0.11667
v -1.13347 1.68138 0.16457
v 1.23339 1.6559 0.14589
v 1.27002 1.59956 0.13973
v -1.16035 1.68646 0.09226
v -1.11193 1.70936 0.13946
v -0.99818 1.75816 0.15108
v -0.90618 1.78111 0.14111
v -0.83742 1.78929 0.10255
v 0.80286 1.77858 0.13822
v 0.90085 1.74787 0.14588
v 1.01199 1.74119 0.15468
v 1.12942 1.7392 0.15408
v 1.15761 1.72409 0.15075
v -0.84459 1.79127 0.1748
v -0.78874 1.79103 0.11279
v -0.70027 1.80018 0.14116
v -0.57021 1.83608 0.15945
v -0.47329 1.87763 0.13978
v -0.3793 1.89247 0.13815
v -0.25814 1.88463 0.16819
v -0.18718 1.8891 0.17658
v 0.41799 1.89529 0.19225
v 0.47937 1.88673 0.15324
v 0.57369 1.84149 0.16036
v 0.69118 1.80467 0.15108
v 0.77048 1.78961 0.1414
v -0.34409 1.90213 0.09855
v -0.26615 1.90016 0.11515
v -0.15749 1.90037 0.1408
v -0.08161 1.90194 0.13223
v 0.05978 1.90792 0.14971
v 0.15567 1.91275 0.15044
v 0.26586 1.92652 0.13894
v 0.37086 1.91664 0.15401
v 0.44813 1.90684 0.12106
v -0.32236 0.20529 0.2129
v -0.25456 0.18836 0.22262
v -0.12948 0.17903 0.20475
v -0.00493 0.13404 0.23888
v 0.04668 0.1341 0.25009
v 0.14597 0.1857 0.23996
v 0.2755 0.18598 0.19361
v 0.37991 0.19048 0.19361
v 0.47664 0.18832 0.21963
v 0.53796 0.20548 0.20313
v -0.6531 0.30395 0.27052
v -0.582 0.28346 0.25626
v -0.44591 0.26797 0.20628
v -0.39383 0.255 0.2815
v -0.28701 0.21245 0.2751
v -0.15666 0.23937 0.28719
v -0.10298 0.21173 0.29805
v 0.17604 0.22427 0.27715
v 0.27128 0.23057 0.24719
v 0.3457 0.22962 0.23864
v 0.4823 0.20961 0.26594
v 0.5698 0.23402 0.25931
v 0.67748 0.27821 0.28472
v 0.74804 0.30527 0.23466
v -0.87409 0.40642 0.25157
v -0.82887 0.37554 0.23558
v -0.69194 0.32784 0.2405
v -0.62165 0.31894 0.20358
v 0.73554 0.31683 0.29732
v 0.77685 0.3348 0.26685
v 0.86466 0.40695 0.24064
v -1.06646 0.52772 0.23484
v -1.01274 0.48571 0.24478
v -0.94497 0.44123 0.26216
v 0.91662 0.44441 0.24609
v 0.97242 0.489 0.24769
v -1.16903 0.63166 0.22617
v -1.13189 0.58365 0.2598
v 1.03382 0.54729 0.26211
v 1.12382 0.60927 0.20787
v 1.15896 0.63182 0.19503
v -1.26489 0.73592 0.19805
v -1.19063 0.66237 0.2709
v -1.15855 0.63225 0.29923
v 1.14193 0.65831 0.25816
v 1.21293 0.70826 0.24842
v 1.26619 0.73482 0.19766
v -1.28369 0.77388 0.25297
v -1.26505 0.76687 0.26908
v 1.24439 0.76207 0.2696
v 1.29479 0.79304 0.23148
v -1.32078 0.88055 0.23506
v -1.26378 0.84333 0.29969
v 1.35922 0.90947 0.26849
v 1.37906 0.93525 0.20676
v -1.33837 0.99539 0.24477
v 1.35819 1.00888 0.26778
v 1.3823 1.00138 0.2048
v -1.31993 1.0941 0.26378
v 1.35651 1.10786 0.25584
v 1.38575 1.09839 0.2116
v -1.29678 1.23024 0.27311
v -1.26332 1.26182 0.29875
v 1.36187 1.21267 0.26905
v 1.38437 1.21737 0.21295
v -1.2926 1.30924 0.22609
v -1.24452 1.31642 0.28494
v 1.35789 1.31805 0.25742
v 1.3775 1.28929 0.20925
v -1.27511 1.42345 0.21036
v -1.24324 1.43318 0.25495
v 1.33554 1.41451 0.24449
v -1.26412 1.47495 0.19493
v -1.19097 1.54994 0.26909
v -1.1543 1.57551 0.29464
v 1.25985 1.56492 0.27752
v 1.28773 1.52655 0.24953
v -1.16733 1.60703 0.23125
v -1.13827 1.59626 0.28492
v -1.03155 1.65379 0.27682
v 1.14697 1.67479 0.28335
v 1.23083 1.61797 0.2672
v 1.26642 1.58346 0.20484
v -1.06534 1.6906 0.20557
v -0.96287 1.74246 0.2138
v -0.90256 1.78548 0.25066
v -0.77624 1.78735 0.26868
v -0.73256 1.78526 0.25216
v 0.80291 1.78391 0.24494
v 0.89307 1.74873 0.24483
v 1.01291 1.74188 0.25194
v 1.10476 1.72093 0.24511
v 1.16769 1.69403 0.21501
v -0.84487 1.79761 0.2607
v -0.80287 1.79465 0.26343
v -0.71121 1.79796 0.23453
v -0.58303 1.83628 0.25912
v -0.4925 1.87547 0.24675
v -0.37289 1.86271 0.23892
v -0.27052 1.84864 0.26269
v -0.15619 1.87954 0.24229
v -0.08298 1.88988 0.2743
v 0.09291 1.89307 0.28596
v 0.14681 1.88961 0.2797
v 0.26264 1.89324 0.28082
v 0.36346 1.89705 0.2515
v 0.46601 1.87462 0.23973
v 0.58482 1.81165 0.25603
v 0.67753 1.80378 0.27752
v 0.75218 1.80336 0.26261
v -0.1149 1.89857 0.20143
v -0.01666 1.91586 0.24653
v 0.03848 1.91199 0.25031
v 0.14975 1.89958 0.22726
v 0.27271 1.9072 0.22883
v 0.34565 1.90664 0.21936
v -0.02825 0.1721 0.32192
v 0.04552 0.15925 0.30665
v 0.12074 0.2008 0.29895
v -0.65198 0.29462 0.34694
v -0.59767 0.27482 0.36242
v -0.47979 0.26225 0.35879
v -0.3458 0.25712 0.36119
v -0.29842 0.24291 0.34363
v -0.16477 0.2696 0.40347
v -0.08574 0.22116 0.36208
v 0.06969 0.22982 0.36797
v 0.15603 0.23999 0.33179
v 0.25427 0.27114 0.3594
v 0.36814 0.26613 0.34246
v 0.47362 0.25296 0.34288
v 0.57959 0.29124 0.3585
v 0.67754 0.29839 0.32951
v -0.86348 0.40784 0.32651
v -0.82234 0.37999 0.32827
v -0.7153 0.32835 0.34608
v 0.6192 0.32012 0.39791
v 0.70515 0.32037 0.34536
v 0.79652 0.38859 0.35698
v 0.85013 0.41783 0.31199
v -1.07023 0.52522 0.35453
v -1.01289 0.47904 0.32179
v -0.92248 0.44537 0.3629
v -0.84056 0.42177 0.39967
v 0.8309 0.42703 0.38533
v 0.8924 0.45579 0.37148
v 0.97512 0.5164 0.36139
v -1.11084 0.56919 0.35078
v 1.02881 0.57099 0.35292
v 1.07764 0.60979 0.32564
v -1.19703 0.70512 0.31015
v -1.15972 0.66928 0.36866
v 1.04528 0.64314 0.39612
v 1.11771 0.67806 0.34688
v 1.17676 0.72031 0.31791
v -1.16783 0.78785 0.38976
v -1.15121 0.75759 0.39818
v 1.1427 0.75754 0.38806
v 1.21491 0.78968 0.34148
v 1.27196 0.83305 0.31022
v -1.27648 0.90377 0.30354
v -1.22903 0.88692 0.3574
v 1.23647 0.87605 0.39029
v 1.31078 0.90605 0.32719
v -1.28527 0.99473 0.32921
v -1.24913 0.99542 0.38264
v 1.26181 0.99981 0.40003
v 1.28748 0.97314 0.35897
v -1.28584 1.10292 0.3227
v -1.24726 1.10498 0.37838
v 1.26242 1.06034 0.40018
v 1.28687 1.08349 0.33939
v -1.28217 1.2021 0.31251
v -1.24167 1.20436 0.36985
v 1.31998 1.2317 0.34889
v -1.2087 1.30381 0.35601
v 1.32459 1.32878 0.34229
v -1.19461 1.41655 0.34422
v -1.1507 1.44832 0.38996
v 1.30238 1.42416 0.36089
v -1.16664 1.52234 0.32924
v -1.13153 1.53598 0.36396
v 1.2508 1.55793 0.38603
v 1.28143 1.49174 0.35937
v -1.0966 1.59001 0.34676
v -1.03421 1.65169 0.3245
v 1.11415 1.68639 0.34293
v 1.21704 1.60516 0.3773
v -0.96796 1.71425 0.35349
v -0.8987 1.7757 0.32483
v -0.81084 1.77449 0.36874
v -0.68947 1.77152 0.34982
v -0.62969 1.78999 0.40205
v 0.71801 1.77714 0.3847
v 0.7809 1.76399 0.36958
v 0.90284 1.73197 0.36035
v 1.02155 1.72772 0.35288
v 1.08879 1.70449 0.35573
v -0.84376 1.7914 0.30202
v -0.84056 1.79132 0.30295
v -0.64375 1.791 0.34522
v -0.56163 1.81801 0.36893
v -0.4832 1.84797 0.349
v -0.38632 1.83846 0.37799
v -0.25774 1.83523 0.34361
v -0.16401 1.85169 0.36392
v -0.0472 1.88113 0.3501
v 0.05766 1.88489 0.34614
v 0.14041 1.87314 0.35882
v 0.26274 1.87533 0.36298
v 0.37565 1.88077 0.35193
v 0.49668 1.84721 0.36077
v 0.55878 1.82046 0.36462
v 0.68742 1.79205 0.35678
v 0.7428 1.79407 0.31311
v -0.00679 1.90361 0.31053
v 0.01797 1.90426 0.30958
v -0.63565 0.31466 0.40987
v -0.57127 0.27873 0.41673
v -0.48417 0.27705 0.44708
v -0.3948 0.27814 0.44358
v -0.25967 0.28218 0.43397
v -0.17264 0.30035 0.48131
v -0.06269 0.28606 0.43806
v 0.07142 0.27759 0.42939
v 0.14171 0.2963 0.44906
v 0.2759 0.29683 0.42558
v 0.36765 0.29277 0.42273
v 0.48667 0.28536 0.42529
v 0.55087 0.30614 0.42048
v -0.84161 0.41826 0.47415
v -0.77932 0.40384 0.45829
v -0.67745 0.3612 0.45346
v -0.5948 0.31967 0.48566
v -0.52349 0.31699 0.50885
v -0.1183 0.31881 0.50905
v -0.04042 0.32046 0.47899
v 0.0456 0.32751 0.48492
v 0.16857 0.32468 0.49895
v 0.28193 0.32997 0.48323
v 0.36582 0.33187 0.47637
v 0.49626 0.33046 0.48084
v 0.57015 0.32909 0.44508
v 0.63625 0.37345 0.45419
v 0.75335 0.41087 0.42053
v -1.06574 0.51955 0.41719
v -1.01239 0.46864 0.44529
v -0.92166 0.44279 0.44026
v -0.83856 0.42061 0.40595
v 0.69203 0.43171 0.49197
v 0.7973 0.45281 0.45771
v 0.91721 0.49532 0.43484
v 0.95726 0.51932 0.41527
v -1.09846 0.56792 0.41891
v -1.04188 0.53357 0.4958
v 0.93129 0.54612 0.48194
v 0.9676 0.54725 0.42934
v -1.11172 0.65175 0.45745
v 1.02713 0.67751 0.44744
v 1.07181 0.7131 0.42661
v -1.16021 0.83315 0.4108
v -1.13151 0.7913 0.43361
v 1.0442 0.748 0.49936
v 1.10761 0.79131 0.45615
v 1.16934 0.82999 0.41779
v -1.17739 0.90531 0.43378
v -1.13731 0.88409 0.47142
v 1.13956 0.87596 0.49106
v 1.19552 0.90795 0.45664
v -1.19604 1.01311 0.45687
v -1.14071 1.00772 0.50561
v 1.22833 1.0014 0.47091
v -1.18167 1.09943 0.48108
v -1.15728 1.11058 0.50733
v 1.24311 1.10695 0.46125
v 1.266 1.13023 0.41249
v -1.19435 1.22911 0.46375
v -1.15656 1.20789 0.50775
v 1.23411 1.18968 0.49324
v 1.28043 1.21649 0.42581
v -1.17901 1.28114 0.44609
v -1.14089 1.28493 0.50445
v 1.23431 1.3191 0.48655
v 1.28223 1.30672 0.41327
v -1.15942 1.372 0.40701
v -1.15823 1.4026 0.40666
v 1.23852 1.45719 0.46977
v 1.27956 1.43698 0.40428
v -1.09496 1.54787 0.47678
v 1.14422 1.55767 0.50277
v 1.23728 1.52012 0.455
v 1.26774 1.48405 0.40985
v -1.07017 1.60794 0.46796
v -1.03714 1.64684 0.47471
v 1.03043 1.67605 0.49146
v 1.1381 1.65513 0.45511
v 1.18121 1.63031 0.4351
v -0.96297 1.69957 0.46709
v -0.92364 1.72277 0.46769
v -0.78756 1.76778 0.45019
v -0.66661 1.78202 0.47296
v -0.61158 1.79172 0.47543
v -0.42968 1.78975 0.50814
v -0.40382 1.78761 0.50891
v -0.24587 1.7886 0.50789
v -0.19892 1.78801 0.50271
v 0.19598 1.78385 0.50201
v 0.26534 1.78017 0.51025
v 0.32171 1.78959 0.5042
v 0.63196 1.79066 0.51063
v 0.70431 1.77516 0.48334
v 0.80127 1.73922 0.48706
v 0.8885 1.72039 0.48189
v 1.00575 1.72001 0.45218
v 1.07791 1.69692 0.42401
v -0.57111 1.80829 0.46286
v -0.45206 1.80773 0.45935
v -0.38925 1.80952 0.46867
v -0.27702 1.82103 0.47452
v -0.15063 1.83251 0.44769
v -0.0474 1.83859 0.48496
v 0.05136 1.84434 0.46261
v 0.17471 1.81788 0.45965
v 0.26634 1.82565 0.45029
v 0.35774 1.81184 0.47265
v 0.44424 1.8342 0.41525
v 0.5782 1.82057 0.48414
v 0.65202 1.80393 0.45693
v -0.44883 0.29919 0.52351
v -0.37441 0.29198 0.54315
v -0.27535 0.29427 0.55616
v -0.1933 0.31276 0.52019
v -0.84952 0.4182 0.51369
v -0.78447 0.40885 0.51146
v -0.68284 0.41242 0.57851
v -0.60679 0.3573 0.55747
v -0.48584 0.34128 0.58149
v -0.3726 0.33404 0.61705
v -0.25108 0.31495 0.60086
v -0.14666 0.3453 0.5731
v -0.02952 0.38314 0.55944
v 0.04489 0.38552 0.55566
v 0.15249 0.38472 0.5731
v 0.27764 0.38977 0.54204
v 0.34408 0.38508 0.53244
v 0.48407 0.38679 0.55586
v 0.57969 0.39433 0.52316
v 0.63529 0.41938 0.51293
v -0.97384 0.4985 0.57291
v -0.9014 0.43441 0.5682
v -0.81497 0.4271 0.58171
v -0.7175 0.43304 0.59574
v 0.19276 0.42545 0.61214
v 0.25983 0.43074 0.60177
v 0.36087 0.43381 0.6132
v 0.47823 0.42507 0.61285
v 0.58118 0.43194 0.56879
v 0.63577 0.45391 0.58309
v 0.77217 0.50531 0.57651
v 0.85268 0.52404 0.51765
v -1.07364 0.61163 0.52291
v -1.02024 0.55937 0.572
v 0.78982 0.54162 0.60629
v 0.86223 0.59825 0.58639
v 0.95573 0.62154 0.52249
v -1.08666 0.69286 0.53218
v -1.05001 0.67662 0.57824
v 0.9047 0.68415 0.61146
v 0.97636 0.71154 0.56158
v -1.07275 0.78759 0.594
v -1.05344 0.74693 0.61289
v 0.94482 0.74022 0.61399
v 1.01605 0.78679 0.57421
v 1.06874 0.82013 0.53311
v -1.10421 0.93625 0.54718
v 1.04634 0.85537 0.60359
v 1.1189 0.89916 0.53336
v 1.16054 0.94488 0.51284
v -1.09114 1.00434 0.56243
v 1.1382 1.04701 0.60852
v 1.19774 1.029 0.53358
v -1.09725 1.09563 0.57051
v -1.05187 1.10005 0.61464
v 1.15524 1.08221 0.60716
v 1.18674 1.08446 0.57201
v -1.08886 1.21304 0.55696
v -1.03541 1.20654 0.59694
v 1.13486 1.20793 0.59522
v 1.18565 1.20382 0.54948
v -1.11659 1.31645 0.53518
v -1.05439 1.32797 0.60936
v 1.13556 1.31877 0.60154
v 1.18436 1.31595 0.54698
v -1.0931 1.42915 0.54075
v -1.04939 1.4243 0.59853
v 1.1455 1.4009 0.59157
v 1.1923 1.41092 0.53562
v -1.07525 1.51943 0.54037
v -1.0291 1.53297 0.59131
v 1.03169 1.55788 0.59162
v 1.08228 1.54024 0.55231
v 1.16624 1.4894 0.51626
v -1.05532 1.58236 0.51337
v -0.98626 1.63213 0.56551
v -0.91544 1.66779 0.59684
v 0.82769 1.67406 0.59907
v 0.88502 1.64747 0.60011
v 0.97526 1.64002 0.55149
v 1.07371 1.60155 0.52211
v -0.94917 1.68622 0.51209
v -0.88624 1.70339 0.55844
v -0.77129 1.74307 0.56055
v -0.67819 1.76127 0.53551
v -0.55585 1.78454 0.51998
v -0.46916 1.76755 0.57337
v -0.37555 1.7649 0.54819
v -0.27468 1.74547 0.56292
v -0.18439 1.7533 0.55
v -0.03656 1.78653 0.59115
v 0.03437 1.77927 0.5973
v 0.1759 1.75834 0.54855
v 0.27214 1.73731 0.56711
v 0.34543 1.75772 0.55278
v 0.47588 1.77481 0.58023
v 0.57661 1.78817 0.56274
v 0.69894 1.75647 0.56261
v 0.78732 1.72557 0.54698
v 0.88215 1.68533 0.5454
v 0.95616 1.68783 0.51509
v -0.53941 1.79656 0.51458
v -0.50039 1.79606 0.51594
v -0.33021 1.79227 0.50986
v -0.31093 1.79284 0.50973
v -0.12316 1.79404 0.51644
v -0.02008 1.82759 0.52734
v 0.02342 1.82384 0.53141
v 0.12101 1.79888 0.51783
v 0.39562 1.79668 0.51006
v 0.4676 1.79566 0.53058
v 0.56765 1.80413 0.52798
v -0.64124 0.41585 0.61878
v -0.57271 0.40437 0.64766
v -0.47104 0.3774 0.6312
v -0.34792 0.40072 0.69625
v -0.25555 0.40278 0.70234
v -0.14105 0.40708 0.65279
v -0.05661 0.41718 0.62799
v 0.06622 0.41135 0.61495
v 0.11737 0.41404 0.62713
v -0.95676 0.52376 0.62118
v -0.90003 0.48754 0.6427
v -0.78127 0.47672 0.69343
v -0.6567 0.47943 0.70894
v -0.58961 0.44317 0.68638
v -0.47327 0.46007 0.72239
v -0.37888 0.42775 0.70736
v -0.22546 0.42247 0.71909
v -0.13969 0.43852 0.70722
v -0.06238 0.43137 0.67721
v 0.0741 0.42637 0.66084
v 0.17672 0.42673 0.63176
v 0.25895 0.46886 0.66572
v 0.34324 0.48463 0.68544
v 0.45215 0.48534 0.67436
v 0.57406 0.49501 0.63436
v 0.68683 0.50501 0.62582
v 0.74296 0.52414 0.61941
v -0.98596 0.59239 0.65505
v -0.92315 0.59152 0.7142
v -0.8303 0.53335 0.71535
v 0.499 0.5321 0.69496
v 0.57101 0.56025 0.69216
v 0.69552 0.56723 0.68172
v 0.7751 0.59236 0.67247
v 0.84755 0.62802 0.62197
v -0.98584 0.66059 0.68732
v -0.94517 0.63683 0.71984
v 0.80683 0.64063 0.7068
v 0.86314 0.67377 0.67519
v -1.05607 0.82224 0.6193
v -1.0219 0.75184 0.65414
v 0.94905 0.78377 0.6639
v 0.98093 0.82028 0.65371
v -1.0568 0.89832 0.61707
v -0.99635 0.9011 0.67988
v -0.94593 0.93856 0.71992
v 0.99019 0.87849 0.68387
v 1.06872 0.92692 0.63577
v -1.05228 1.00091 0.61495
v -0.99086 1.01902 0.67046
v -0.94878 0.9959 0.71131
v 1.04115 1.0296 0.70722
v 1.0927 1.01331 0.65337
v -1.05374 1.05458 0.61622
v -0.98516 1.08292 0.67516
v -0.94905 1.09722 0.70577
v 1.04997 1.09181 0.71412
v 1.09789 1.08191 0.66161
v -0.98818 1.19583 0.65032
v -0.93738 1.20409 0.71192
v 1.03029 1.21457 0.7142
v 1.08764 1.20122 0.64326
v -1.00517 1.32661 0.67532
v -0.94752 1.26682 0.72124
v 1.04091 1.30998 0.69632
v 1.08856 1.32238 0.64909
v -1.00423 1.41519 0.65772
v -0.94396 1.43454 0.71199
v 1.00226 1.45744 0.69798
v 1.07709 1.42559 0.64095
v -0.96916 1.52073 0.64392
v -0.88872 1.52292 0.70473
v -0.84108 1.57338 0.71563
v 0.83978 1.57801 0.71958
v 0.88419 1.57833 0.69542
v 0.97218 1.54802 0.67482
v 1.05863 1.48131 0.62002
v -0.95423 1.58572 0.62356
v -0.8642 1.65466 0.66202
v -0.83101 1.65241 0.6872
v -0.69149 1.65572 0.69309
v -0.59292 1.66791 0.70121
v -0.46363 1.68041 0.71636
v -0.40776 1.68169 0.71628
v 0.16953 1.66691 0.7059
v 0.22876 1.67848 0.71116
v 0.70835 1.67376 0.70651
v 0.81512 1.63964 0.69577
v 0.90398 1.59781 0.66149
v 0.96318 1.58896 0.62516
v -0.8456 1.68805 0.62059
v -0.8084 1.69873 0.6205
v -0.68085 1.68968 0.62784
v -0.61332 1.70049 0.62989
v -0.47579 1.73433 0.63767
v -0.37395 1.71441 0.67907
v -0.25846 1.71011 0.66245
v -0.17067 1.70352 0.68234
v -0.06489 1.74311 0.66843
v 0.05882 1.72597 0.68698
v 0.16845 1.69422 0.66803
v 0.26074 1.70053 0.66428
v 0.36643 1.71493 0.6565
v 0.4878 1.72158 0.69456
v 0.56949 1.74545 0.66558
v 0.66973 1.71304 0.67493
v 0.76537 1.69939 0.63338
v -0.319 0.41918 0.72389
v -0.30084 0.4186 0.72496
v -0.758 0.51214 0.72946
v -0.68498 0.50741 0.73742
v -0.59385 0.49881 0.74272
v -0.47936 0.50658 0.79183
v -0.36677 0.47632 0.8074
v -0.26683 0.45061 0.78457
v -0.15619 0.47026 0.76767
v -0.04409 0.45427 0.77958
v 0.03471 0.45347 0.78993
v 0.15729 0.47838 0.77081
v 0.25792 0.51837 0.7721
v 0.3636 0.52772 0.74662
v 0.42375 0.5235 0.72428
v -0.89429 0.61351 0.75052
v -0.79697 0.57693 0.76458
v -0.68654 0.58161 0.78956
v -0.58958 0.5632 0.80334
v -0.49374 0.54417 0.81864
v 0.19432 0.53049 0.81253
v 0.26278 0.54191 0.8074
v 0.37073 0.55846 0.79195
v 0.44477 0.55743 0.75496
v 0.58285 0.61174 0.73848
v 0.69823 0.61443 0.7253
v 0.74606 0.62698 0.72409
v -0.95165 0.71241 0.72675
v -0.91102 0.66928 0.76505
v -0.80049 0.68118 0.79737
v -0.70143 0.69725 0.81652
v -0.61642 0.64578 0.82489
v 0.50106 0.6457 0.81529
v 0.57434 0.66283 0.79282
v 0.6989 0.67089 0.77132
v 0.81091 0.6683 0.73994
v 0.86398 0.70756 0.73801
v -0.95627 0.79732 0.72609
v -0.90445 0.78653 0.78837
v -0.78514 0.77072 0.82731
v -0.73085 0.74159 0.82599
v 0.71455 0.74628 0.82069
v 0.80167 0.76384 0.81596
v 0.91426 0.79304 0.76637
v 0.95269 0.83723 0.72546
v -0.95456 0.86715 0.72471
v -0.89788 0.85718 0.78795
v -0.83388 0.85149 0.82188
v 0.92214 0.87957 0.79879
v 0.966 0.91571 0.74269
v -0.91186 1.00306 0.76244
v 0.92463 0.99301 0.80754
v 0.97995 1.00029 0.76472
v -0.89988 1.07943 0.77025
v -0.83746 1.13224 0.82246
v 0.91772 1.10882 0.81022
v 1.00896 1.09441 0.74787
v -0.86995 1.19844 0.78321
v -0.8231 1.21148 0.82383
v 0.92292 1.21997 0.80618
v 0.98902 1.21193 0.75602
v -0.95466 1.3289 0.72885
v -0.91417 1.33452 0.77532
v -0.82514 1.32853 0.82379
v 0.83898 1.35998 0.82402
v 0.887 1.32801 0.80526
v 0.975 1.3213 0.73638
v -0.95126 1.37297 0.72388
v -0.91463 1.40977 0.75672
v -0.7959 1.42078 0.79988
v -0.70486 1.44495 0.81099
v 0.81937 1.41978 0.81563
v 0.90478 1.41824 0.77086
v 0.95119 1.45267 0.73378
v -0.85281 1.50879 0.74157
v -0.80018 1.54596 0.74839
v -0.69893 1.52567 0.79009
v -0.60401 1.54622 0.81877
v 0.73145 1.57572 0.82143
v 0.80754 1.56207 0.75891
v 0.88699 1.50378 0.73968
v 0.95036 1.48108 0.72369
v -0.77 1.58302 0.73324
v -0.70065 1.6395 0.72028
v -0.60104 1.61722 0.77963
v -0.4681 1.61442 0.82772
v -0.33457 1.66666 0.79162
v -0.26069 1.67553 0.79125
v -0.13069 1.66453 0.78354
v -0.09286 1.66004 0.77241
v 0.08833 1.64967 0.7733
v 0.13541 1.62814 0.78258
v 0.27268 1.67431 0.79396
v 0.38176 1.66209 0.82145
v 0.49362 1.67281 0.79936
v 0.56152 1.67817 0.77948
v 0.69035 1.62213 0.79649
v 0.76294 1.61173 0.75151
v -0.33558 1.69383 0.73235
v -0.27073 1.69178 0.73779
v -0.16007 1.68428 0.73275
v -0.05678 1.70094 0.73599
v 0.0544 1.70437 0.7309
v 0.10585 1.68542 0.72146
v 0.30661 1.69363 0.7393
v 0.37998 1.69594 0.72028
v 0.48095 1.6863 0.7522
v 0.57088 1.70463 0.72945
v 0.63792 1.68926 0.72946
v -0.42766 0.5247 0.82941
v -0.36527 0.51393 0.84798
v -0.25608 0.50346 0.85092
v -0.15158 0.5254 0.83962
v -0.03602 0.5085 0.85381
v 0.03933 0.50326 0.85958
v 0.12332 0.52054 0.83534
v -0.54063 0.61943 0.83286
v -0.45569 0.54416 0.82568
v -0.35199 0.56208 0.88258
v -0.25058 0.57378 0.91723
v -0.13907 0.56753 0.88979
v -0.04026 0.56094 0.91022
v 0.04021 0.55489 0.91989
v 0.15547 0.59413 0.91196
v 0.26278 0.5861 0.84159
v 0.36814 0.60366 0.82899
v 0.42878 0.626 0.8317
v -0.66042 0.72146 0.82804
v -0.56287 0.6832 0.84788
v -0.48209 0.68022 0.86822
v -0.36302 0.68524 0.92366
v -0.26343 0.63391 0.93305
v -0.13938 0.64604 0.91861
v -0.08127 0.64119 0.92874
v 0.18846 0.65408 0.92806
v 0.25603 0.6753 0.90435
v 0.39127 0.70377 0.90312
v 0.47323 0.66773 0.85282
v 0.5639 0.72124 0.83648
v 0.64339 0.73351 0.83039
v -0.7579 0.79843 0.84405
v -0.6743 0.80894 0.86417
v -0.57439 0.77068 0.86906
v -0.47866 0.78726 0.91808
v -0.41411 0.74422 0.93045
v 0.403 0.74303 0.92973
v 0.47842 0.75864 0.91783
v 0.57335 0.79974 0.88806
v 0.68543 0.78149 0.8554
v 0.7925 0.8067 0.84436
v 0.8459 0.83716 0.82998
v -0.86067 0.93267 0.84725
v -0.82041 0.91242 0.8516
v -0.69733 0.91448 0.87332
v -0.59254 0.90219 0.87779
v -0.50734 0.8817 0.92385
v 0.60122 0.86103 0.91678
v 0.6996 0.911 0.93085
v 0.81592 0.91168 0.89358
v 0.8759 0.90552 0.85076
v -0.85266 0.98173 0.8438
v -0.80849 0.97228 0.8735
v -0.70554 1.02652 0.92011
v -0.5781 0.99777 0.92673
v 0.72275 0.98832 0.93305
v 0.78947 0.9656 0.90564
v 0.88902 0.99621 0.83624
v -0.84471 1.06304 0.82863
v -0.77861 1.08772 0.89776
v -0.70824 1.0734 0.92924
v -0.61521 1.13089 0.93263
v 0.72469 1.10759 0.92247
v 0.77223 1.11653 0.89706
v 0.86151 1.11363 0.84959
v -0.79883 1.22805 0.84069
v -0.69656 1.19656 0.88607
v -0.59217 1.23049 0.89682
v -0.51395 1.25161 0.9268
v 0.7359 1.22008 0.92488
v 0.7809 1.20848 0.88747
v 0.86162 1.21366 0.84401
v -0.74534 1.31604 0.84998
v -0.6855 1.32254 0.86063
v -0.59263 1.32588 0.87663
v -0.48971 1.31272 0.92277
v -0.37147 1.34757 0.92014
v -0.31233 1.36473 0.92951
v 0.72669 1.32556 0.90477
v 0.77752 1.32771 0.8676
v 0.8518 1.28901 0.83491
v -0.74402 1.37542 0.8323
v -0.66702 1.40488 0.83794
v -0.58006 1.42044 0.86175
v -0.47168 1.44456 0.87574
v -0.39949 1.42989 0.89227
v -0.29001 1.40732 0.92328
v 0.62349 1.46525 0.92706
v 0.66853 1.42335 0.91985
v 0.7811 1.41787 0.85048
v -0.6357 1.47847 0.82779
v -0.56682 1.5256 0.83932
v -0.48774 1.54827 0.84845
v -0.34313 1.54819 0.91293
v -0.27337 1.52413 0.93305
v -0.12062 1.54284 0.89835
v -0.06508 1.51952 0.90231
v 0.04247 1.54389 0.85889
v 0.14812 1.49828 0.91339
v 0.27619 1.56679 0.92205
v 0.39185 1.56289 0.91609
v 0.49706 1.54617 0.93283
v 0.59839 1.53438 0.91122
v 0.70968 1.54276 0.86829
v 0.74601 1.52716 0.8469
v -0.53333 1.58354 0.83174
v -0.47068 1.619 0.84809
v -0.39169 1.59918 0.8802
v -0.2451 1.61812 0.8681
v -0.17421 1.62397 0.85973
v -0.03076 1.57895 0.8396
v 0.03216 1.58439 0.82561
v 0.16529 1.58365 0.86314
v 0.25792 1.61862 0.87988
v 0.37426 1.6484 0.84878
v 0.51888 1.62656 0.89052
v 0.55157 1.62247 0.88392
v 0.668 1.59498 0.84225
v -0.00838 0.6314 0.93554
v 0.05394 0.62098 0.94227
v 0.10972 0.63287 0.94068
v -0.34083 0.71718 0.93963
v -0.25609 0.70392 0.96176
v -0.14522 0.68016 0.93452
v -0.07167 0.69606 0.94504
v 0.04069 0.66241 0.94093
v 0.17418 0.68142 0.94684
v 0.23364 0.73597 0.96632
v 0.3322 0.73437 0.94115
v -0.43758 0.81486 0.94174
v -0.36774 0.79416 0.96476
v -0.25256 0.76596 0.98852
v -0.16827 0.79377 1.00243
v -0.04897 0.79294 0.9695
v 0.0187 0.79661 0.95764
v 0.14116 0.77274 0.96812
v 0.28011 0.78878 1.00466
v 0.35183 0.78717 0.98988
v 0.48121 0.81451 0.95445
v 0.53609 0.83593 0.93689
v -0.52675 0.94786 0.93203
v -0.46138 0.90719 0.95817
v -0.38024 0.88007 0.98259
v -0.26974 0.89994 1.00902
v -0.15473 0.90331 1.03839
v -0.07356 0.86485 1.01829
v 0.06227 0.86893 1.00547
v 0.13452 0.89704 1.0122
v 0.26091 0.94079 1.03839
v 0.38269 0.93348 1.0265
v 0.49995 0.89245 0.98354
v 0.55266 0.92679 0.99027
v 0.66308 0.9239 0.94929
v -0.64035 1.05163 0.9339
v -0.55705 1.01907 0.94299
v -0.44243 1.00376 1.00022
v -0.38235 0.96926 1.00034
v -0.28844 0.99744 1.01092
v -0.20965 0.9543 1.03756
v 0.30708 0.94989 1.03653
v 0.37186 0.95376 1.03563
v 0.48223 0.97962 1.03464
v 0.56773 0.98736 1.01529
v 0.68941 0.99014 0.96178
v -0.64479 1.05427 0.93328
v -0.59694 1.11329 0.94409
v -0.43601 1.09374 1.0208
v -0.3756 1.10514 1.02073
v -0.27137 1.11523 1.01925
v -0.20348 1.12901 1.03839
v 0.61098 1.10916 1.02381
v 0.63643 1.07855 1.00179
v -0.54402 1.18099 0.9365
v -0.47513 1.21257 0.94885
v -0.36619 1.18831 0.98085
v -0.25516 1.21995 0.99581
v -0.18018 1.21631 1.02043
v 0.31275 1.26211 1.03654
v 0.36035 1.25585 1.03356
v 0.47346 1.25397 1.03416
v 0.59333 1.21677 1.03839
v 0.66824 1.23318 0.99553
v -0.43735 1.27739 0.93832
v -0.37588 1.29372 0.93827
v -0.27631 1.28945 0.97085
v -0.14369 1.37039 1.02128
v -0.08025 1.34018 1.03839
v 0.07055 1.35839 1.03559
v 0.16593 1.35356 1.02935
v 0.30835 1.32748 1.0087
v 0.37599 1.30133 1.01606
v 0.47762 1.31169 1.01426
v 0.57638 1.32522 1.00586
v 0.66422 1.31844 0.97015
v -0.23235 1.44847 0.93864
v -0.18015 1.41122 0.99078
v -0.05442 1.42789 1.01756
v 0.04943 1.4549 1.01147
v 0.1741 1.41663 1.00224
v 0.25712 1.45272 0.98086
v 0.35585 1.43442 0.98251
v 0.48103 1.42287 0.97586
v 0.59669 1.42911 0.9526
v 0.64498 1.39984 0.94353
v -0.21926 1.48342 0.93694
v -0.16957 1.47478 0.93542
v -0.03999 1.49299 0.96272
v 0.04195 1.50772 0.97172
v 0.1606 1.47493 0.95485
v 0.25902 1.50141 0.97499
v 0.37749 1.50969 0.95482
v 0.48882 1.49263 0.94749
v 0.54386 1.48734 0.93661
v -0.13589 0.92707 1.05479
v -0.07176 0.93229 1.06299
v 0.05393 0.93446 1.0522
v 0.13551 0.94905 1.04144
v 0.22807 0.93939 1.04184
v -0.21287 1.02469 1.03789
v -0.16113 0.97148 1.05435
v -0.04922 0.99153 1.09143
v 0.05664 0.99325 1.08822
v 0.1616 1.02539 1.07949
v 0.25373 1.00963 1.07152
v 0.36761 1.01835 1.07024
v 0.47131 1.0308 1.05743
v 0.53122 1.04827 1.03891
v -0.2135 1.05774 1.03759
v -0.14707 1.13379 1.06311
v -0.05278 1.10765 1.09509
v 0.05327 1.10258 1.09493
v 0.16128 1.10949 1.08606
v 0.26371 1.12244 1.08067
v 0.3686 1.07963 1.0746
v 0.4784 1.09922 1.06967
v 0.54355 1.11417 1.04824
v -0.11907 1.23348 1.04055
v -0.04496 1.21451 1.06485
v 0.05569 1.21038 1.0734
v 0.1603 1.21419 1.0723
v 0.26685 1.208 1.06785
v 0.35371 1.20586 1.05426
v 0.47982 1.19028 1.05685
v 0.54405 1.18084 1.04919
v -0.10598 1.26861 1.03753
v -0.05216 1.30731 1.05052
v 0.04931 1.32486 1.04743
v 0.16228 1.29889 1.04935
v 0.24077 1.27858 1.04483
v -0.00829 1.37114 1.03811
v 0.00384 1.37129 1.03787
vn -0.06641 -0.28227 -0.95703
vn 0.08661 -0.27791 -0.95669
vn -0.40748 -0.17769 -0.89576
vn -0.14924 -0.13505 -0.97953
vn 0.1068 -0.13197 -0.98548
vn 0.32386 -0.09895 -0.94092
vn -0.41002 -0.03336 -0.91147
vn -0.19952 -0.05501 -0.97835
vn 0.05172 -0.18515 -0.98135
vn 0.24143 -0.33232 -0.91174
vn 0.21411 -0.41 -0.8866
vn -0.32787 -0.10604 -0.93875
vn -0.22783 -0.02809 -0.9733
vn -0.02853 -0.00858 -0.99956
vn 0.13768 -0.10366 -0.98504
vn 0.14927 -0.2253 -0.96279
vn 0.48085 -0.17756 -0.85864
vn -0.21418 -0.10522 -0.97111
vn -0.23818 -0.11805 -0.96402
vn 0.05443 -0.1496 -0.98725
vn 0.06919 -0.04698 -0.9965
vn 0.14918 0.09127 -0.98459
vn 0.51749 0.09813 -0.85005
vn -0.32013 0.00219 -0.94737
vn -0.10126 0.05862 -0.99313
vn 0.21145 0.05202 -0.976
vn 0.375 0.11378 -0.92002
vn 0.31215 0.36351 -0.87774
vn -0.33484 -0.01883 -0.94209
vn -0.21141 -0.03549 -0.97675
vn -0.14442 0.23391 -0.96147
vn 0.20104 0.22177 -0.95415
vn 0.51485 0.24683 -0.82098
vn -0.4082 0.13627 -0.90266
vn -0.18748 0.13077 -0.97352
vn -0.12197 0.24145 -0.96272
vn 0.15313 0.22997 -0.96108
vn 0.43822 0.23697 -0.86707
vn -0.06701 0.39177 -0.91762
vn -0.00722 0.37435 -0.92726
vn -0.17997 -0.41966 -0.88966
vn 0.17294 -0.4435 -0.87943
vn -0.25234 -0.44629 -0.85858
vn -0.2936 -0.42358 -0.85696
vn -0.22244 -0.35395 -0.90843
vn 0.20908 -0.39013 -0.89671
vn 0.33193 -0.58736 -0.73813
vn 0.32818 -0.52564 -0.78485
vn -0.36105 -0.29097 -0.88599
vn -0.24223 -0.34788 -0.9057
vn -0.28894 -0.34142 -0.89439
vn -0.21141 -0.39844 -0.8925
vn 0.08102 -0.36277 -0.92835
vn 0.39346 -0.33818 -0.85488
vn 0.32985 -0.38646 -0.8613
vn 0.2681 -0.3787 -0.88584
vn -0.45427 -0.18864 -0.87066
vn -0.33906 -0.23359 -0.9113
vn 0.02358 -0.28082 -0.95947
vn -0.25263 -0.24566 -0.93586
vn -0.18033 -0.18678 -0.96571
vn -0.33536 -0.1847 -0.92381
vn -0.3739 -0.21616 -0.90193
vn 0.26176 -0.22314 -0.93898
vn 0.40337 -0.10343 -0.90917
vn 0.20503 -0.16889 -0.96407
vn 0.32638 -0.22707 -0.91756
vn 0.41829 -0.22313 -0.88048
vn -0.45363 -0.0511 -0.88972
vn -0.23425 -0.00324 -0.97217
vn -0.09106 -0.06011 -0.99403
vn -0.19 -0.11223 -0.97535
vn -0.20015 -0.07305 -0.97704
vn -0.28445 -0.05503 -0.95711
vn 0.21105 -0.20581 -0.95556
vn 0.28495 -0.30212 -0.90969
vn 0.3336 -0.19902 -0.92147
vn 0.42126 -0.08128 -0.90329
vn -0.4685 0.12819 -0.87411
vn -0.27416 0.24909 -0.92887
vn -0.15983 0.06235 -0.98517
vn -0.33392 -0.04518 -0.94152
vn -0.20383 -0.10218 -0.97366
vn -0.16017 -0.10344 -0.98165
vn 0.22473 -0.39912 -0.88893
vn 0.52514 -0.27503 -0.80535
vn 0.51658 -0.07397 -0.85304
vn -0.24767 -0.00341 -0.96884
vn -0.26036 -0.01138 -0.96545
vn -0.33927 -0.01286 -0.9406
vn -0.2298 0.00416 -0.97323
vn -0.23889 -0.05476 -0.9695
vn 0.25485 0.4272 -0.8675
vn 0.48035 0.07966 -0.87345
vn 0.68069 -0.05045 -0.73083
vn -0.28104 0.08995 -0.95547
vn -0.24959 0.14814 -0.95695
vn -0.26941 0.04819 -0.96182
vn -0.28271 0.01358 -0.95911
vn -0.39159 -0.09915 -0.91478
vn 0.40184 0.22849 -0.88675
vn 0.23599 0.31275 -0.92005
vn 0.43164 0.09653 -0.89687
vn 0.45647 -0.09357 -0.8848
vn 0.38484 -0.24687 -0.88936
vn -0.40822 0.21598 -0.88697
vn -0.42302 0.07213 -0.90324
vn -0.31968 -0.05065 -0.94617
vn -0.26932 -0.14008 -0.95281
vn 0.35359 0.36196 -0.86253
vn 0.18766 0.3632 -0.91262
vn 0.06479 0.15813 -0.98529
vn 0.239 -0.02101 -0.97079
vn 0.21252 -0.11478 -0.97039
vn 0.34669 -0.07037 -0.93534
vn -0.52567 0.21429 -0.82326
vn -0.65015 0.25634 -0.71526
vn -0.30679 0.30787 -0.90061
vn -0.16067 0.4857 -0.85923
vn -0.34045 0.45937 -0.82041
vn 0.46246 0.17351 -0.8695
vn 0.49354 0.06352 -0.8674
vn 0.28267 0.069 -0.95673
vn -0.06027 0.07164 -0.99561
vn 0.16 0.20916 -0.9647
vn 0.20398 0.04665 -0.97786
vn 0.34837 -0.0436 -0.93634
vn -0.56641 0.69902 -0.43653
vn -0.19367 0.77843 -0.59711
vn -0.29078 0.53237 -0.795
vn -0.22012 0.45014 -0.8654
vn 0.16967 0.47301 -0.86457
vn 0.42894 0.34366 -0.83541
vn 0.17793 0.42679 -0.88667
vn -0.01813 0.19346 -0.98094
vn 0.1642 0.22257 -0.96099
vn -0.40643 0.51423 -0.75524
vn -0.2193 0.5817 -0.78328
vn 0.14958 0.61741 -0.77229
vn 0.18743 0.71292 -0.67573
vn 0.2923 0.64248 -0.70836
vn -0.28516 -0.58559 -0.7588
vn -0.07658 -0.85369 -0.51513
vn 0.21749 -0.85928 -0.46296
vn 0.37627 -0.7365 -0.56214
vn -0.29172 -0.5316 -0.79518
vn -0.15996 -0.51217 -0.84386
vn -0.22244 -0.49939 -0.83734
vn -0.21344 -0.65186 -0.72768
vn 0.29541 -0.66034 -0.69042
vn 0.41932 -0.60256 -0.67903
vn 0.41246 -0.59187 -0.69251
vn -0.29337 -0.58988 -0.75231
vn -0.24388 -0.57018 -0.78449
vn -0.16015 -0.50085 -0.85059
vn -0.13288 -0.49659 -0.85776
vn -0.29373 -0.56036 -0.77442
vn -0.36736 -0.56962 -0.73524
vn -0.4417 -0.44748 -0.7776
vn 0.45214 -0.45616 -0.76648
vn 0.419 -0.53288 -0.73518
vn 0.23686 -0.63575 -0.73465
vn 0.26272 -0.61724 -0.74162
vn 0.19012 -0.54293 -0.81797
vn 0.20379 -0.36689 -0.90767
vn -0.5875 -0.33922 -0.7347
vn -0.45287 -0.47111 -0.75695
vn -0.22983 -0.46838 -0.85311
vn -0.07229 -0.24893 -0.96582
vn -0.17606 -0.32167 -0.93034
vn -0.35868 -0.35138 -0.8648
vn 0.28061 -0.45752 -0.84376
vn 0.31762 -0.41008 -0.85496
vn 0.24765 -0.38425 -0.88939
vn 0.3565 -0.16668 -0.91931
vn 0.43696 -0.2841 -0.85344
vn -0.57893 -0.22373 -0.78408
vn -0.34389 -0.23229 -0.90983
vn -0.31575 -0.34315 -0.88462
vn -0.01333 -0.23358 -0.97225
vn -0.11784 -0.22818 -0.96646
vn 0.42314 -0.30179 -0.85433
vn 0.31928 -0.35611 -0.87821
vn 0.37961 -0.1782 -0.90782
vn 0.44665 -0.18889 -0.87454
vn -0.47033 -0.04222 -0.88148
vn -0.42242 -0.21488 -0.88056
vn -0.44634 -0.04836 -0.89356
vn 0.43532 -0.06572 -0.89788
vn 0.45476 0.03728 -0.88983
vn 0.38751 0.02648 -0.92149
vn -0.44673 0.12703 -0.88561
vn -0.41776 0.07374 -0.90556
vn -0.35512 0.07761 -0.93159
vn -0.26821 0.12778 -0.95485
vn 0.5504 0.01943 -0.83468
vn 0.38924 0.14417 -0.90978
vn 0.25729 -0.09269 -0.96188
vn 0.36189 -0.17798 -0.91507
vn -0.46592 0.10689 -0.87835
vn -0.40704 0.12255 -0.90515
vn -0.29846 0.01956 -0.95422
vn 0.55617 -0.13476 -0.82007
vn 0.40261 -0.08542 -0.91138
vn 0.31377 0.01029 -0.94944
vn 0.30376 0.0122 -0.95267
vn -0.33168 0.24412 -0.91126
vn -0.41197 0.25262 -0.87548
vn -0.41787 0.23413 -0.87782
vn -0.28924 0.36065 -0.88672
vn 0.45917 -0.25847 -0.84991
vn 0.36768 -0.27987 -0.88684
vn 0.41715 -0.191 -0.88854
vn 0.59694 -0.1935 -0.7786
vn -0.40263 0.46828 -0.78652
vn -0.43386 0.56095 -0.70505
vn -0.45041 0.36822 -0.81335
vn 0.33405 -0.27709 -0.9009
vn 0.63924 -0.05324 -0.76716
vn 0.68132 0.05348 -0.73003
vn -0.50438 0.44265 -0.74139
vn -0.46309 0.50448 -0.72873
vn -0.48431 0.53295 -0.69384
vn 0.19308 0.22101 -0.95597
vn 0.23589 0.28483 -0.9291
vn 0.53652 0.17125 -0.82633
vn 0.75608 0.09282 -0.64786
vn -0.48512 0.68674 -0.54134
vn -0.45388 0.73587 -0.50248
vn -0.43928 0.74685 -0.49925
vn -0.42131 0.74079 -0.52318
vn 0.07337 0.55945 -0.82561
vn -0.02145 0.46267 -0.88627
vn 0.21203 0.26792 -0.93982
vn 0.33069 0.29875 -0.89521
vn 0.54165 0.34531 -0.7664
vn 0.74367 0.0602 -0.66583
vn -0.31079 0.86971 -0.38342
vn -0.4469 0.73439 -0.51084
vn -0.33672 0.68406 -0.64706
vn 0.12773 0.59718 -0.79187
vn 0.28459 0.65792 -0.69724
vn 0.13214 0.67815 -0.72295
vn -0.06999 0.5976 -0.79873
vn 0.00748 0.59281 -0.80531
vn 0.36393 0.67963 -0.63691
vn 0.39303 0.43277 -0.81132
vn -0.63611 0.68205 -0.36079
vn -0.3527 0.78777 -0.505
vn -0.01363 0.86235 -0.50613
vn 0.22723 0.70592 -0.67086
vn -0.10567 0.72105 -0.68478
vn 0.03824 0.69478 -0.71821
vn 0.17453 0.72277 -0.66869
vn -0.15582 -0.84895 -0.50498
vn -0.22148 -0.76089 -0.60992
vn -0.25009 -0.71688 -0.6508
vn -0.04166 -0.77852 -0.62624
vn 0.01376 -0.90686 -0.4212
vn 0.12407 -0.85064 -0.51089
vn 0.21982 -0.7872 -0.57619
vn 0.31631 -0.6896 -0.65146
vn -0.4513 -0.48955 -0.74611
vn -0.32812 -0.60087 -0.7289
vn -0.25089 -0.65213 -0.71539
vn -0.23317 -0.70731 -0.66735
vn -0.1525 -0.69772 -0.69995
vn -0.23043 -0.6189 -0.7509
vn -0.13248 -0.53684 -0.83322
vn 0.42043 -0.66921 -0.6127
vn 0.30454 -0.65963 -0.68713
vn 0.18457 -0.64382 -0.74258
vn 0.10357 -0.59813 -0.79468
vn 0.32493 -0.6591 -0.67824
vn 0.14365 -0.66004 -0.73737
vn -0.54957 -0.3902 -0.73873
vn -0.39034 -0.56145 -0.72966
vn -0.26015 -0.49105 -0.83138
vn -0.12693 -0.64076 -0.75718
vn -0.18132 -0.61913 -0.76406
vn 0.22315 -0.64819 -0.72805
vn 0.24176 -0.65772 -0.71341
vn 0.09396 -0.5927 -0.79992
vn 0.24937 -0.5178 -0.81835
vn 0.3167 -0.51882 -0.79406
vn 0.52722 -0.43311 -0.73106
vn -0.71765 -0.3202 -0.61843
vn -0.64336 -0.43783 -0.62801
vn -0.57375 -0.53485 -0.62028
vn 0.43178 -0.2528 -0.86583
vn 0.30077 -0.17433 -0.93763
vn 0.48705 -0.42301 -0.76409
vn 0.56396 -0.50624 -0.65244
vn -0.69262 -0.34884 -0.63134
vn -0.62399 -0.33747 -0.7048
vn 0.37702 -0.21914 -0.89991
vn 0.23 -0.1454 -0.96227
vn 0.55146 -0.25574 -0.79403
vn 0.66412 -0.14552 -0.73333
vn -0.72102 -0.427 -0.54571
vn -0.49097 -0.13967 -0.85991
vn -0.47128 -0.40036 -0.78588
vn 0.41837 0.07191 -0.90543
vn 0.2451 -0.0105 -0.96944
vn 0.45234 0.04565 -0.89068
vn 0.51297 -0.26417 -0.81675
vn -0.69061 -0.10202 -0.71599
vn -0.42806 -0.07857 -0.90033
vn -0.4337 0.20866 -0.87657
vn 0.41497 -0.20177 -0.88718
vn 0.43499 -0.18733 -0.88073
vn 0.34583 0.00348 -0.93829
vn 0.22305 -0.18318 -0.95744
vn 0.51887 -0.10362 -0.84855
vn -0.56443 0.00672 -0.82545
vn -0.3183 0.03269 -0.94743
vn -0.41858 0.03128 -0.90764
vn 0.50525 0.02766 -0.86253
vn 0.55002 0.09781 -0.8294
vn 0.31717 -0.00615 -0.94835
vn 0.29448 0.05093 -0.9543
vn 0.52964 0.01289 -0.84812
vn -0.48391 0.19623 -0.85283
vn -0.38645 0.21303 -0.89737
vn -0.17139 0.16578 -0.97116
vn -0.25615 0.4306 -0.86543
vn 0.51636 -0.01023 -0.85631
vn 0.49799 -0.09902 -0.86151
vn 0.35145 0.15074 -0.92399
vn 0.21352 0.1771 -0.96075
vn 0.53222 0.17829 -0.82762
vn -0.39616 0.35542 -0.8466
vn -0.42036 0.33006 -0.84519
vn -0.21775 0.42631 -0.87798
vn -0.30669 0.42551 -0.8514
vn -0.42302 0.46188 -0.77956
vn 0.64357 0.1329 -0.75376
vn 0.45845 0.30679 -0.83409
vn 0.48164 0.39552 -0.78204
vn -0.3685 0.41713 -0.83079
vn -0.18769 0.46691 -0.86416
vn -0.3256 0.53684 -0.77832
vn -0.44536 0.44421 -0.77738
vn -0.48277 0.61938 -0.61911
vn 0.71404 0.27215 -0.64504
vn 0.6568 0.35452 -0.66553
vn -0.38373 0.57089 -0.72583
vn -0.33905 0.6274 -0.70101
vn -0.40012 0.55028 -0.73287
vn -0.31981 0.64734 -0.69186
vn -0.33574 0.78418 -0.52186
vn 0.63976 0.53378 -0.55298
vn 0.73575 0.30439 -0.605
vn -0.28974 0.72852 -0.62073
vn -0.38371 0.67091 -0.63454
vn -0.18038 0.78524 -0.59233
vn -0.25296 0.86128 -0.44069
vn -0.52354 0.73866 -0.4246
vn 0.40556 0.66764 -0.62432
vn 0.04612 0.77559 -0.62955
vn -0.25265 0.7397 -0.62371
vn 0.38808 0.74684 -0.54002
vn 0.51196 0.57701 -0.63636
vn 0.62394 0.46466 -0.62832
vn -0.5849 0.728 -0.35764
vn -0.34897 0.87958 -0.32336
vn 0.04849 0.95391 -0.29615
vn 0.15487 0.86332 -0.48031
vn 0.0152 0.70291 -0.71111
vn 0.04038 0.79944 -0.59939
vn 0.05585 0.82286 -0.56549
vn 0.20538 0.74778 -0.63139
vn 0.39406 0.62694 -0.67206
vn -0.0525 -0.99797 0.03598
vn -0.02934 -0.99536 -0.09166
vn -0.03323 -0.93561 -0.35148
vn -0.06551 -0.93515 -0.34814
vn -0.00115 -0.78321 -0.62176
vn 0.08836 -0.71322 -0.69535
vn 0.10569 -0.6803 -0.72527
vn -0.31985 -0.87811 -0.35584
vn -0.3191 -0.79927 -0.50926
vn -0.0508 -0.86306 -0.50254
vn -0.22078 -0.86791 -0.44496
vn -0.1824 -0.94274 -0.27924
vn -0.0675 -0.97547 -0.20953
vn 0.18065 -0.92212 -0.34215
vn -0.12096 -0.9302 -0.34656
vn 0.15895 -0.83482 -0.52708
vn 0.19102 -0.71337 -0.67425
vn 0.04344 -0.69238 -0.72023
vn 0.11036 -0.6952 -0.71029
vn 0.28248 -0.78278 -0.55449
vn 0.44584 -0.69798 -0.5604
vn -0.57558 -0.56475 -0.59141
vn -0.3961 -0.64553 -0.65299
vn -0.29305 -0.74567 -0.59842
vn -0.34093 -0.73245 -0.58931
vn -0.17633 -0.73993 -0.64917
vn 0.15688 -0.66799 -0.72745
vn 0.03958 -0.6391 -0.7681
vn 0.15664 -0.7142 -0.68219
vn 0.29544 -0.42641 -0.85492
vn 0.27451 -0.73762 -0.6169
vn 0.39962 -0.63668 -0.6595
vn 0.46547 -0.54196 -0.69973
vn -0.66695 -0.21142 -0.71448
vn -0.51977 -0.31493 -0.79414
vn 0.4592 -0.66416 -0.58994
vn 0.58942 -0.54346 -0.59768
vn 0.52944 -0.32727 -0.78268
vn -0.56278 -0.21304 -0.79868
vn -0.66527 -0.22748 -0.7111
vn -0.63796 -0.31214 -0.70397
vn 0.72976 -0.44694 -0.5174
vn 0.5953 -0.58014 -0.55592
vn 0.56662 -0.56466 -0.60009
vn -0.3854 -0.39186 -0.83541
vn -0.51899 -0.41541 -0.74705
vn -0.66365 -0.4489 -0.59838
vn 0.63476 -0.44635 -0.63075
vn 0.68292 -0.29508 -0.66825
vn 0.62712 -0.37292 -0.68385
vn -0.5116 -0.29225 -0.80799
vn -0.6195 -0.3635 -0.69576
vn -0.61923 -0.46891 -0.62983
vn 0.57447 -0.37072 -0.72976
vn 0.71615 -0.26644 -0.64509
vn -0.66525 -0.07165 -0.74318
vn -0.69793 -0.30526 -0.64785
vn 0.47712 -0.34274 -0.80925
vn 0.61309 -0.1269 -0.77976
vn 0.70193 -0.17989 -0.68915
vn -0.85114 0.04222 -0.52324
vn -0.73774 0.03431 -0.67421
vn 0.68127 0.08153 -0.72748
vn 0.60794 0.01361 -0.79387
vn -0.70046 0.15334 -0.69702
vn -0.63583 0.2555 -0.72832
vn 0.40385 0.56236 -0.72156
vn 0.62829 0.43049 -0.64803
vn 0.54349 0.15874 -0.82427
vn -0.67321 0.33868 -0.65733
vn -0.53329 0.47372 -0.70085
vn -0.47005 0.35118 -0.80977
vn 0.57206 0.52407 -0.63095
vn 0.46717 0.53958 -0.70043
vn 0.54818 0.63671 -0.54231
vn -0.54404 0.43628 -0.71671
vn -0.3835 0.58572 -0.71405
vn -0.21341 0.73124 -0.64787
vn -0.29736 0.71029 -0.63802
vn 0.75141 0.23295 -0.61734
vn 0.68649 0.34496 -0.6401
vn 0.49965 0.46561 -0.73045
vn -0.33603 0.64633 -0.68509
vn -0.15369 0.65241 -0.74212
vn -0.40613 0.63749 -0.65473
vn -0.35321 0.67274 -0.65012
vn 0.78475 0.27294 -0.55648
vn 0.79929 0.24312 -0.54957
vn -0.37724 0.81144 -0.44639
vn -0.29611 0.78864 -0.53886
vn -0.12319 0.86088 -0.49366
vn 0.12256 0.90508 -0.40721
vn -0.24305 0.91329 -0.32685
vn -0.43907 0.79708 -0.41459
vn 0.48313 0.60629 -0.63166
vn 0.65129 0.45075 -0.61044
vn 0.70862 0.1513 -0.68918
vn -0.00186 0.92164 -0.38805
vn -0.00095 0.92164 -0.38804
vn -0.45243 0.76832 -0.45276
vn -0.38049 0.85319 -0.35678
vn -0.31408 0.92866 -0.19734
vn -0.1128 0.96897 -0.21994
vn -0.04532 0.93041 -0.3637
vn 0.03108 0.8053 -0.59205
vn 0.2054 0.79091 -0.57643
vn -0.04851 0.90645 -0.41952
vn 0.20245 0.80548 -0.55697
vn 0.47017 0.7252 -0.50302
vn 0.57988 0.61126 -0.53861
vn -0.28414 0.95876 0.00712
vn -0.01165 0.90274 -0.43003
vn 0.28404 0.82291 -0.49208
vn 0.03643 0.90072 -0.43287
vn 0.06787 0.97439 -0.21439
vn -0.17714 -0.9687 -0.17388
vn -0.00939 -0.95814 -0.28616
vn -0.0283 -0.97156 -0.23508
vn -0.00491 -0.98114 -0.19323
vn -0.16803 -0.96303 -0.21057
vn 0.05571 -0.94481 -0.32285
vn -0.13017 -0.9217 -0.3654
vn -0.03076 -0.87672 -0.48001
vn -0.02909 -0.85664 -0.51509
vn 0.32746 -0.79464 -0.5112
vn 0.63062 -0.73955 -0.23533
vn -0.47842 -0.82415 -0.30315
vn -0.30962 -0.86861 -0.38684
vn -0.14258 -0.8756 -0.46152
vn -0.41091 -0.81655 -0.40547
vn -0.24422 -0.87213 -0.42396
vn -0.07872 -0.91164 -0.40339
vn -0.08184 -0.96298 -0.25684
vn -0.04757 -0.98729 -0.15161
vn 0.06158 -0.89836 -0.43493
vn -0.03994 -0.88961 -0.45498
vn 0.24534 -0.80653 -0.53787
vn 0.42067 -0.89112 -0.17012
vn 0.42938 -0.8249 -0.36766
vn 0.36246 -0.81666 -0.44909
vn -0.69564 -0.62069 -0.3617
vn -0.29932 -0.80806 -0.5074
vn -0.30601 -0.88714 -0.34547
vn 0.50827 -0.76705 -0.39153
vn 0.24953 -0.80856 -0.53288
vn 0.59322 -0.68756 -0.41875
vn 0.78437 -0.58261 -0.2129
vn -0.81514 -0.39954 -0.41941
vn -0.78582 -0.40087 -0.47096
vn 0.71244 -0.47358 -0.51783
vn 0.86818 -0.32368 -0.37616
vn -0.60532 -0.64843 -0.46166
vn -0.65322 -0.4974 -0.57087
vn -0.69405 -0.1923 -0.69377
vn 0.69602 -0.33098 -0.63718
vn 0.6645 -0.55551 -0.49985
vn 0.61163 -0.65592 -0.44237
vn -0.60994 -0.51409 -0.60306
vn -0.45695 -0.44917 -0.76775
vn -0.46372 -0.45187 -0.76209
vn 0.57118 -0.52071 -0.63451
vn 0.69421 -0.4549 -0.5578
vn 0.69369 -0.36295 -0.62214
vn -0.6791 -0.24393 -0.69233
vn -0.48945 -0.2848 -0.82421
vn 0.68211 -0.37453 -0.62805
vn 0.63351 -0.39332 -0.66631
vn -0.72368 0.12056 -0.67952
vn -0.64132 0.06639 -0.7644
vn 0.68855 -0.30491 -0.65797
vn 0.67575 -0.32195 -0.6631
vn 0.80924 -0.18132 -0.5588
vn -0.74295 0.04692 -0.6677
vn -0.80766 0.15262 -0.56956
vn 0.78022 0.10365 -0.61685
vn 0.81217 -0.16211 -0.56045
vn -0.78922 0.21678 -0.57457
vn -0.87237 0.16999 -0.45834
vn 0.65559 0.50767 -0.55899
vn 0.69315 0.44517 -0.56689
vn -0.78214 0.08292 -0.61756
vn -0.67614 0.41547 -0.60846
vn -0.54456 0.47408 -0.69188
vn 0.59516 0.51278 -0.61874
vn 0.65786 0.5887 -0.46975
vn 0.48307 0.72463 -0.49148
vn -0.63877 0.5672 -0.51986
vn -0.59537 0.59943 -0.535
vn -0.51188 0.6075 -0.6074
vn 0.58639 0.36894 -0.72113
vn 0.59883 0.43929 -0.66965
vn 0.75744 0.35463 -0.54819
vn -0.59047 0.59405 -0.5463
vn -0.4132 0.72257 -0.55422
vn -0.23168 0.82268 -0.51915
vn -0.30079 0.81638 -0.49301
vn 0.77807 0.38001 -0.50019
vn 0.66315 0.51422 -0.54389
vn -0.25328 0.84895 -0.46382
vn -0.1523 0.8606 -0.48597
vn -0.373 0.79445 -0.47929
vn -0.34069 0.77881 -0.52667
vn -0.20221 0.87614 -0.4376
vn 0.01357 0.81406 -0.58063
vn -0.18168 0.81164 -0.55518
vn 0.39622 0.69719 -0.59744
vn 0.76716 0.45337 -0.45377
vn -0.20979 0.85452 -0.47517
vn -0.13252 0.83924 -0.52737
vn -0.04805 0.75451 -0.65452
vn -0.19369 0.65474 -0.73062
vn -0.14936 0.76906 -0.62148
vn -0.17938 0.94591 -0.27033
vn -0.0014 0.98277 -0.18484
vn -0.01708 0.99849 -0.05215
vn 0.17045 0.94211 -0.28875
vn 0.52987 0.74442 -0.40629
vn 0.5607 0.75887 -0.33126
vn 0.62797 0.74015 -0.24046
vn -0.35374 0.8938 -0.27565
vn -0.18842 0.92977 -0.31627
vn -0.11378 0.91237 -0.39324
vn 0.14782 0.89739 -0.41574
vn -0.18418 0.94459 -0.27172
vn -0.00923 0.91979 -0.3923
vn 0.07725 0.87767 -0.473
vn 0.14696 0.85208 -0.50235
vn 0.12648 0.91642 -0.37971
vn 0.48861 0.85492 -0.17428
vn 0.58055 0.79451 -0.17812
vn -0.18878 -0.90751 -0.37523
vn -0.04353 -0.93603 -0.34922
vn 0.17064 -0.92892 -0.32862
vn -0.07154 -0.91784 -0.39046
vn -0.17571 -0.90207 -0.3942
vn -0.15154 -0.91966 -0.36229
vn -0.13944 -0.97148 -0.19178
vn -0.02188 -0.95404 -0.29888
vn -0.00435 -0.95726 -0.28919
vn -0.08769 -0.97105 -0.22219
vn -0.15621 -0.96094 -0.22848
vn -0.15361 -0.88359 -0.44234
vn -0.06868 -0.9258 -0.37172
vn 0.08927 -0.94655 -0.30996
vn 0.40313 -0.89847 -0.17386
vn 0.48278 -0.83627 -0.25994
vn -0.66886 -0.69772 -0.25654
vn -0.34496 -0.84223 -0.41431
vn -0.19865 -0.87165 -0.44807
vn -0.22288 -0.87505 -0.42966
vn -0.33895 -0.87718 -0.34011
vn 0.25335 -0.8951 -0.36688
vn 0.2829 -0.85471 -0.43524
vn 0.54822 -0.76144 -0.34592
vn 0.7615 -0.60787 -0.22495
vn -0.71808 -0.63333 -0.28854
vn -0.73962 -0.63494 -0.22318
vn 0.48916 -0.85203 -0.18648
vn 0.62943 -0.776 -0.04051
vn 0.69015 -0.70657 -0.15636
vn -0.86335 -0.42145 -0.27752
vn -0.80595 -0.53527 -0.25284
vn 0.70962 -0.54935 -0.4412
vn 0.65842 -0.57539 -0.48519
vn -0.62923 -0.72726 -0.27416
vn -0.42862 -0.81563 -0.38863
vn -0.66944 -0.68341 -0.2912
vn 0.61068 -0.44988 -0.65167
vn 0.64311 -0.46608 -0.6076
vn 0.6197 -0.49971 -0.60519
vn -0.76382 -0.5141 -0.39024
vn -0.51569 -0.58912 -0.62209
vn 0.68006 -0.55764 -0.47597
vn 0.67046 -0.43592 -0.60038
vn -0.83858 -0.20282 -0.50562
vn -0.89455 -0.21603 -0.39128
vn 0.62157 -0.48541 -0.61484
vn 0.73908 -0.37823 -0.55741
vn -0.83302 0.05146 -0.55084
vn -0.87636 0.02354 -0.48108
vn 0.71689 -0.28525 -0.63616
vn 0.83344 -0.08732 -0.54566
vn -0.87553 0.11994 -0.46804
vn -0.89936 0.02801 -0.43631
vn 0.77701 0.2472 -0.57892
vn 0.91719 0.04775 -0.39557
vn -0.87256 0.23832 -0.42643
vn 0.74093 0.44244 -0.50524
vn 0.8188 0.26468 -0.50942
vn -0.79178 0.27954 -0.54309
vn -0.79745 0.434 -0.41919
vn 0.59425 0.54827 -0.58845
vn 0.64827 0.52267 -0.55369
vn 0.67013 0.38955 -0.6318
vn -0.75559 0.47333 -0.45281
vn -0.68291 0.50802 -0.52492
vn -0.52309 0.65311 -0.54756
vn 0.68225 0.52581 -0.508
vn 0.66559 0.46158 -0.58646
vn 0.50595 0.49585 -0.7058
vn -0.58353 0.64816 -0.48927
vn -0.48393 0.7129 -0.50753
vn -0.43647 0.77161 -0.46273
vn 0.85747 0.40215 -0.32095
vn 0.74149 0.52214 -0.42138
vn 0.64115 0.52668 -0.55815
vn -0.39448 0.79336 -0.46364
vn -0.3282 0.84331 -0.42557
vn -0.25159 0.83774 -0.48466
vn -0.39814 0.75649 -0.51885
vn -0.43381 0.73567 -0.52019
vn 0.84111 0.52591 -0.12628
vn 0.68962 0.63203 -0.35351
vn -0.3508 0.8169 -0.45783
vn -0.47384 0.74527 -0.46911
vn -0.25257 0.90329 -0.34682
vn -0.31506 0.82375 -0.47135
vn -0.16705 0.84271 -0.5118
vn -0.18938 0.84818 -0.4947
vn 0.63849 0.74517 -0.19249
vn 0.58838 0.79737 -0.13419
vn -0.21338 0.82494 -0.52339
vn -0.12712 0.91009 -0.39443
vn -0.15168 0.91325 -0.37811
vn -0.25394 0.81893 -0.51465
vn -0.1192 0.92014 -0.37302
vn 0.17808 0.89387 -0.41144
vn -0.12856 0.91732 -0.37682
vn -0.10725 0.93047 -0.35032
vn 0.11465 0.97694 -0.18013
vn -0.03409 0.95529 -0.2937
vn 0.15602 0.91171 -0.38005
vn 0.46384 0.82276 -0.3285
vn 0.45454 0.87459 -0.16876
vn -0.06608 0.96244 -0.26331
vn -0.0655 0.93752 -0.34171
vn 0.04075 0.92395 -0.38033
vn -0.21505 -0.95295 -0.21362
vn -0.0479 -0.98372 -0.17318
vn 0.20283 -0.96991 -0.13465
vn -0.28944 -0.94747 -0.13611
vn -0.18121 -0.91368 -0.36379
vn -0.11777 -0.96046 -0.25229
vn 0.00007 -0.9748 -0.22307
vn 0.00127 -0.98129 -0.19252
vn -0.07631 -0.9546 -0.28796
vn 0.03118 -0.97882 -0.20233
vn -0.14993 -0.95888 -0.24099
vn -0.33042 -0.91613 -0.22699
vn 0.34213 -0.92976 -0.13595
vn 0.32767 -0.94074 -0.08744
vn 0.46715 -0.88327 -0.03995
vn 0.21026 -0.96064 -0.18154
vn -0.71466 -0.69561 0.07335
vn -0.40178 -0.91135 -0.08946
vn -0.36113 -0.92672 -0.10382
vn 0.32436 -0.94103 -0.09616
vn 0.27248 -0.95871 -0.08138
vn 0.57753 -0.79773 -0.17348
vn 0.74678 -0.64249 -0.17181
vn -0.59019 -0.75184 -0.29397
vn -0.61308 -0.78948 -0.02931
vn 0.60734 -0.7495 -0.2634
vn 0.55254 -0.82895 -0.08683
vn -0.5223 -0.6388 -0.56492
vn -0.67419 -0.51299 -0.53133
vn 0.61858 -0.74508 -0.24942
vn 0.58678 -0.75297 -0.29787
vn -0.6363 -0.68964 -0.34572
vn -0.45251 -0.70608 -0.54469
vn -0.67768 -0.62011 -0.39524
vn 0.60139 -0.62755 -0.49448
vn 0.60829 -0.65663 -0.44589
vn -0.91412 -0.28535 -0.28804
vn -0.83184 -0.48146 -0.27611
vn 0.75037 -0.46356 -0.47123
vn 0.82465 -0.34987 -0.44445
vn -0.87575 -0.28226 -0.39165
vn -0.89221 -0.39537 -0.21827
vn 0.66928 -0.49892 -0.55058
vn 0.8528 -0.43979 -0.28163
vn -0.92655 0.07429 -0.36877
vn 0.99182 -0.00894 -0.12733
vn -0.84783 0.14165 -0.511
vn -0.93596 0.08008 -0.34289
vn 0.94569 -0.03711 -0.32295
vn -0.89213 0.0983 -0.44095
vn -0.84667 0.09921 -0.52279
vn 0.8518 0.10528 -0.51318
vn -0.84141 0.23551 -0.48639
vn -0.8453 0.29228 -0.44727
vn 0.61578 0.47393 -0.62945
vn 0.70732 0.42976 -0.56126
vn -0.79732 0.35646 -0.48704
vn -0.7547 0.449 -0.47836
vn -0.70584 0.59409 -0.38581
vn 0.5787 0.53107 -0.61892
vn 0.57212 0.60099 -0.55811
vn 0.70654 0.62477 -0.33237
vn -0.57025 0.67509 -0.46804
vn -0.63113 0.67549 -0.3813
vn -0.5676 0.74613 -0.34802
vn 0.54448 0.74937 -0.3768
vn 0.65164 0.62389 -0.43143
vn 0.61542 0.68512 -0.38971
vn -0.50835 0.83383 -0.21518
vn -0.4418 0.84192 -0.30982
vn -0.35377 0.85722 -0.3742
vn -0.27332 0.84684 -0.45624
vn 0.60771 0.78178 -0.13968
vn 0.57801 0.76652 -0.27992
vn 0.57354 0.71341 -0.40261
vn -0.37662 0.87274 -0.31063
vn -0.35479 0.80532 -0.47496
vn -0.27259 0.86071 -0.42996
vn -0.27824 0.89543 -0.34754
vn -0.33079 0.89981 -0.28446
vn 0.67565 0.7345 -0.06327
vn 0.65015 0.75346 0.09799
vn -0.24093 0.92159 -0.30434
vn -0.33671 0.87682 -0.34324
vn -0.38429 0.78043 -0.49321
vn -0.18964 0.88016 -0.43514
vn -0.16226 0.85863 -0.48623
vn -0.06006 0.95779 -0.28113
vn 0.0693 0.96425 -0.25576
vn 0.03036 0.98752 -0.15453
vn -0.02853 0.99658 -0.07757
vn -0.13388 0.99073 0.02306
vn 0.3463 0.9225 -0.17051
vn 0.46477 0.877 -0.12189
vn 0.61853 0.77875 -0.10476
vn -0.36121 0.88128 -0.30476
vn -0.17986 0.94697 -0.26625
vn 0.00392 0.99928 -0.03779
vn -0.03019 0.95713 -0.28809
vn 0.0682 0.96561 -0.25089
vn 0.08417 0.98848 -0.12581
vn -0.17259 0.97864 -0.1117
vn -0.15029 0.97797 -0.14488
vn 0.14888 0.97083 -0.18793
vn -0.06773 -0.93888 -0.3375
vn -0.1508 -0.97704 -0.15053
vn -0.24218 -0.95916 -0.14613
vn 0.0312 -0.98431 -0.17368
vn 0.21261 -0.97588 -0.04952
vn 0.39976 -0.87739 -0.26529
vn -0.42548 -0.90117 0.08288
vn -0.28116 -0.95961 0.00941
vn -0.00203 -0.9968 0.07991
vn -0.0081 -0.9972 -0.07438
vn -0.20598 -0.97695 -0.05599
vn -0.00773 -0.98908 -0.14719
vn 0.02073 -0.97167 -0.23543
vn -0.15195 -0.9727 -0.17543
vn -0.31716 -0.94443 -0.08641
vn 0.24104 -0.96908 -0.05274
vn 0.26561 -0.95998 -0.08884
vn 0.36844 -0.88172 -0.29464
vn 0.32107 -0.89772 -0.30169
vn 0.50094 -0.84842 -0.171
vn -0.46801 -0.88372 0.00263
vn -0.55581 -0.82579 0.09561
vn -0.53845 -0.83076 0.1411
vn 0.30297 -0.93196 -0.19914
vn 0.51215 -0.8569 -0.05843
vn 0.53396 -0.83955 -0.10015
vn -0.56589 -0.6913 -0.4493
vn -0.55563 -0.7957 -0.24114
vn -0.34673 -0.93686 -0.04543
vn 0.71493 -0.67931 -0.1656
vn 0.62445 -0.78088 -0.01704
vn -0.6356 -0.62675 -0.45077
vn -0.6779 -0.59064 -0.43772
vn -0.71241 -0.60083 -0.36259
vn 0.51404 -0.8577 -0.01086
vn 0.55565 -0.81662 -0.15614
vn 0.62766 -0.77224 -0.09841
vn -0.85928 -0.47788 -0.18242
vn -0.72595 -0.6464 -0.23484
vn -0.57875 -0.75891 -0.29851
vn 0.61875 -0.70109 -0.35444
vn 0.72017 -0.66333 -0.20336
vn 0.73848 -0.62025 -0.26445
vn -0.88396 -0.41527 -0.21487
vn -0.85338 -0.4363 -0.2853
vn 0.75796 -0.57657 -0.30506
vn 0.85007 -0.4579 -0.26021
vn -0.92939 -0.31635 -0.19013
vn 0.90977 -0.21271 -0.35647
vn -0.97235 -0.11481 -0.20337
vn -0.92743 -0.14331 -0.34545
vn 0.93168 -0.16649 -0.32289
vn 0.97286 -0.05296 -0.22526
vn -0.96857 -0.02092 -0.24786
vn -0.91258 0.05304 -0.40545
vn 0.92677 -0.13951 -0.34876
vn 0.97495 -0.13873 -0.17387
vn -0.87369 0.30648 -0.3778
vn 0.87566 0.0038 -0.48291
vn 0.9599 0.00917 -0.28019
vn -0.91487 0.24246 -0.32284
vn 0.87433 0.36524 -0.3196
vn 0.91064 0.27695 -0.30667
vn -0.87004 0.40436 -0.282
vn -0.74911 0.55306 -0.36463
vn 0.57336 0.5656 -0.59276
vn 0.73992 0.56538 -0.36451
vn -0.65325 0.72182 -0.22854
vn -0.54027 0.7337 -0.41205
vn 0.5725 0.68331 -0.45313
vn 0.44918 0.6899 -0.56769
vn 0.6849 0.55418 -0.47306
vn -0.47476 0.81289 -0.33737
vn -0.37419 0.79577 -0.47616
vn -0.49277 0.76199 -0.42017
vn 0.42705 0.83004 -0.35871
vn 0.41226 0.75498 -0.50994
vn 0.57456 0.67284 -0.46601
vn -0.36383 0.79592 -0.48389
vn -0.38968 0.85468 -0.34304
vn -0.4264 0.86221 -0.27347
vn -0.25409 0.95225 -0.16927
vn -0.17816 0.92774 -0.32795
vn 0.63896 0.73799 -0.21701
vn 0.59047 0.73064 -0.3428
vn 0.33793 0.80153 -0.4933
vn -0.16676 0.9744 -0.15076
vn -0.22287 0.94375 -0.24425
vn -0.24103 0.94801 -0.20782
vn -0.39834 0.90307 -0.16058
vn 0.07774 0.98696 -0.14094
vn -0.00928 0.99767 -0.0676
vn -0.10102 0.98505 -0.13955
vn 0.4544 0.88494 0.10197
vn 0.52833 0.84208 0.10847
vn 0.51164 0.85596 -0.07457
vn -0.43081 0.88924 -0.1538
vn -0.17406 0.97242 -0.15523
vn -0.03688 0.99574 -0.08456
vn -0.14192 0.98541 0.09392
vn 0.18984 0.97686 0.09855
vn 0.01578 0.99987 -0.00193
vn 0.07003 0.98034 -0.18449
vn -0.26333 0.95206 -0.15568
vn -0.02226 0.99714 -0.07217
vn 0.19911 0.96982 0.14072
vn -0.12233 -0.92713 -0.35422
vn -0.13759 -0.93649 -0.32259
vn -0.11796 -0.91087 -0.39548
vn -0.13956 -0.92797 -0.34553
vn -0.15884 -0.95602 -0.24657
vn -0.08532 -0.98449 -0.1533
vn 0.2168 -0.97295 -0.0798
vn 0.41861 -0.90771 -0.02883
vn -0.36369 -0.83599 0.41091
vn -0.28267 -0.88481 0.37042
vn -0.05693 -0.97178 0.22891
vn -0.10835 -0.98654 0.12246
vn -0.09459 -0.97654 -0.19346
vn -0.15951 -0.98564 -0.05548
vn -0.05123 -0.97032 -0.23635
vn 0.33553 -0.9169 -0.21614
vn 0.25172 -0.95784 -0.13847
vn 0.47472 -0.87958 -0.03126
vn 0.67204 -0.74049 -0.00573
vn -0.32937 -0.92908 -0.16829
vn -0.34607 -0.9382 -0.00435
vn -0.30971 -0.93442 0.17587
vn -0.30389 -0.90517 0.29719
vn 0.56862 -0.816 -0.10405
vn 0.59312 -0.79892 -0.09972
vn -0.7536 -0.64795 -0.1107
vn -0.42865 -0.81945 -0.38048
vn -0.38525 -0.89712 -0.21623
vn -0.15123 -0.98677 -0.05835
vn 0.64501 -0.75941 0.08518
vn 0.63992 -0.75161 -0.15994
vn -0.85903 -0.45993 -0.22478
vn -0.60335 -0.63701 -0.47978
vn 0.50721 -0.85385 -0.11696
vn 0.61479 -0.78527 -0.07339
vn 0.5445 -0.83777 0.04074
vn -0.91761 -0.38451 -0.10073
vn -0.84554 -0.48747 -0.21778
vn 0.61708 -0.78546 -0.04756
vn 0.69186 -0.71849 -0.07146
vn -0.94302 -0.32869 0.05168
vn 0.8205 -0.49358 -0.28838
vn 0.94454 -0.29991 -0.1338
vn -0.91943 -0.38543 -0.07808
vn 0.9109 -0.14209 -0.38738
vn 0.9541 -0.21548 -0.20799
vn -0.97431 -0.20118 -0.10118
vn -0.96018 -0.25476 -0.11465
vn 0.92563 -0.12091 -0.3586
vn 0.96196 0.01677 -0.27269
vn -0.98755 0.04577 -0.15047
vn -0.98695 0.13192 -0.09237
vn 0.98338 -0.07887 -0.16354
vn -0.96983 0.20856 -0.1262
vn -0.9676 0.23244 -0.09857
vn 0.98666 -0.03073 -0.15984
vn -0.95576 0.29386 -0.01336
vn 0.84508 0.45933 -0.27359
vn 0.9353 0.26801 -0.23106
vn -0.8978 0.4403 -0.00997
vn -0.73794 0.65756 -0.15185
vn 0.8587 0.41805 -0.29643
vn 0.87286 0.47204 -0.12364
vn -0.86671 0.43952 -0.23588
vn -0.74658 0.60773 -0.2707
vn -0.52433 0.7571 -0.3897
vn 0.48069 0.60938 -0.63055
vn 0.49335 0.62624 -0.60368
vn 0.67907 0.59709 -0.42702
vn -0.65669 0.65441 -0.37485
vn -0.62025 0.63933 -0.45447
vn -0.36678 0.72571 -0.58207
vn 0.32706 0.74904 -0.57617
vn 0.29467 0.71727 -0.63142
vn 0.63919 0.5572 -0.53005
vn 0.65655 0.44753 -0.60718
vn -0.58958 0.62209 -0.51517
vn -0.38897 0.74951 -0.53566
vn -0.29591 0.85432 -0.42728
vn -0.24351 0.8841 -0.39883
vn -0.16024 0.97959 -0.12134
vn 0.36579 0.92591 -0.09427
vn 0.34919 0.90719 -0.23469
vn 0.14479 0.93305 -0.32933
vn 0.3092 0.82469 -0.47358
vn 0.40874 0.7666 -0.49522
vn -0.15621 0.96075 -0.22926
vn 0.05178 0.957 -0.28544
vn -0.22789 0.94865 -0.21939
vn -0.21757 0.93895 -0.26652
vn -0.26824 0.96251 -0.04031
vn -0.33183 0.9383 -0.09741
vn 0.10932 0.99398 0.00755
vn -0.05549 0.99836 0.01381
vn -0.18707 0.94005 -0.28515
vn -0.19944 0.93843 -0.28208
vn 0.4677 0.83211 0.29808
vn 0.26776 0.96301 -0.03029
vn 0.32451 0.94568 -0.01951
vn -0.30578 0.95004 -0.06258
vn -0.06837 0.99615 -0.05483
vn 0.08897 0.99564 -0.028
vn 0.13142 0.98525 0.10964
vn -0.04399 0.99623 0.07481
vn -0.11086 0.97917 -0.1701
vn -0.08463 0.92234 -0.37699
vn -0.04841 0.97955 -0.19529
vn 0.14306 0.98966 -0.01075
vn 0.32732 0.925 0.19298
vn -0.36859 -0.9254 -0.08816
vn -0.43779 -0.88903 -0.13403
vn -0.02131 -0.99963 0.01664
vn 0.10062 -0.99415 -0.03918
vn -0.16556 -0.98191 0.0919
vn 0.05001 -0.9952 -0.08418
vn 0.37394 -0.92745 -0.00217
vn 0.34383 -0.93812 0.04136
vn -0.36398 -0.91417 0.17835
vn -0.24496 -0.95091 0.18911
vn -0.36479 -0.92517 0.10488
vn -0.43066 -0.9016 0.04065
vn 0.44312 -0.89512 -0.0491
vn 0.29657 -0.95397 0.04457
vn 0.44456 -0.89514 0.03313
vn 0.46749 -0.88392 0.01133
vn -0.39321 -0.91938 -0.0113
vn -0.15481 -0.98277 0.10102
vn -0.23071 -0.94854 0.21688
vn -0.39006 -0.9099 0.1412
vn -0.23482 -0.96427 0.12264
vn 0.43704 -0.89133 -0.12052
vn 0.67911 -0.71132 -0.1812
vn -0.78093 -0.62252 0.0512
vn -0.72995 -0.64156 0.23574
vn -0.34668 -0.87974 0.32539
vn -0.41543 -0.9093 -0.02443
vn 0.64814 -0.74925 -0.13614
vn 0.5962 -0.78597 -0.16369
vn -0.81162 -0.58382 0.02061
vn -0.6333 -0.75847 0.15379
vn 0.50272 -0.84884 -0.16353
vn 0.61947 -0.75862 -0.20186
vn 0.5559 -0.82315 -0.11572
vn -0.92074 -0.36705 -0.13233
vn -0.80837 -0.58588 -0.0572
vn 0.63069 -0.7743 -0.05194
vn 0.55552 -0.8314 -0.013
vn -0.92533 -0.33568 -0.17629
vn 0.86526 -0.50083 0.02197
vn 0.91663 -0.39207 -0.07784
vn -0.90232 -0.39117 -0.18111
vn -0.91383 -0.38707 -0.12283
vn 0.96697 -0.21901 -0.13041
vn -0.95496 -0.26546 -0.13257
vn -0.96235 -0.26978 -0.03332
vn 0.99692 0.06009 -0.05032
vn -0.99447 0.02379 -0.10225
vn 0.9922 -0.07515 -0.09949
vn -0.93202 0.36057 -0.03641
vn -0.92146 0.38761 0.02588
vn 0.99967 -0.00362 0.02537
vn -0.95651 0.29168 0.00437
vn 0.95411 0.29722 0.03662
vn -0.95373 0.28715 -0.08916
vn 0.87413 0.3347 -0.35194
vn 0.95935 0.19697 -0.2021
vn -0.91242 0.37355 -0.16718
vn -0.83128 0.48405 -0.27325
vn 0.86095 0.41762 -0.29045
vn 0.92026 0.36943 -0.12903
vn -0.71188 0.61935 -0.3311
vn -0.70048 0.58801 -0.40444
vn 0.67627 0.61455 -0.40617
vn 0.76768 0.52746 -0.36396
vn -0.67408 0.71372 -0.19031
vn -0.53764 0.80104 -0.2632
vn -0.29569 0.94494 -0.14022
vn -0.27019 0.95664 -0.10882
vn 0.27365 0.94418 0.18341
vn 0.15409 0.98802 0.00907
vn 0.03551 0.97514 -0.21871
vn 0.22896 0.90961 -0.34667
vn 0.44049 0.85628 -0.26971
vn -0.17317 0.98489 -0.00204
vn -0.19705 0.9706 -0.13825
vn -0.18071 0.97162 -0.1526
vn -0.19917 0.97798 -0.06225
vn -0.27249 0.95699 -0.09956
vn -0.4814 0.86721 -0.12729
vn 0.06633 0.99392 -0.08785
vn -0.00589 0.99614 -0.0876
vn 0.53568 0.84442 0.0008
vn 0.33348 0.91969 -0.20725
vn 0.29985 0.94228 0.149
vn -0.18257 0.97621 -0.117
vn -0.16502 0.98423 -0.06367
vn 0.06176 0.98157 -0.18082
vn 0.11839 0.98932 -0.08507
vn -0.11971 0.98536 -0.12139
vn -0.33412 0.92431 -0.18446
vn 0.09302 0.97642 -0.19483
vn 0.10597 0.9939 0.03049
vn 0.21747 0.96653 0.13612
vn 0.3788 0.92299 0.06781
vn -0.52973 -0.79571 -0.29364
vn -0.25753 -0.96364 -0.07123
vn -0.05318 -0.99819 0.02821
vn 0.09483 -0.98083 -0.17024
vn -0.15327 -0.97956 -0.13025
vn 0.06191 -0.98903 0.13414
vn 0.35709 -0.93083 0.07767
vn 0.24777 -0.96517 -0.08397
vn -0.22212 -0.97487 0.01682
vn -0.30536 -0.94909 -0.07738
vn -0.47727 -0.85456 -0.20479
vn -0.33819 -0.92415 -0.17768
vn 0.23706 -0.96784 -0.08413
vn 0.22244 -0.96102 -0.16419
vn 0.38715 -0.91878 -0.07716
vn 0.45121 -0.88141 -0.13975
vn -0.22668 -0.97206 -0.06095
vn -0.0579 -0.99373 0.09564
vn -0.29536 -0.95044 0.09712
vn -0.26819 -0.96195 -0.05227
vn -0.23732 -0.96895 0.06939
vn 0.59273 -0.79938 0.09827
vn 0.64896 -0.74263 0.16536
vn -0.42308 -0.89541 0.13872
vn -0.44082 -0.89655 0.04336
vn -0.52775 -0.84636 0.07178
vn 0.69152 -0.72236 -0.00193
vn 0.54065 -0.83878 0.0644
vn -0.78761 -0.61139 0.07664
vn -0.62051 -0.77644 0.11
vn 0.53804 -0.84253 0.02573
vn 0.63093 -0.77584 0.00108
vn 0.6416 -0.76672 -0.02218
vn -0.88551 -0.4386 0.15331
vn -0.83027 -0.53002 0.17242
vn 0.62202 -0.78299 -0.0031
vn 0.72995 -0.68333 -0.0152
vn -0.92545 -0.37818 -0.0229
vn 0.76861 -0.6344 0.0823
vn 0.88846 -0.45693 0.04316
vn -0.94709 -0.32074 -0.01214
vn -0.92637 -0.37205 -0.05853
vn 0.97995 -0.19876 0.01374
vn -0.99172 -0.12587 0.02552
vn 0.99838 -0.05579 0.01148
vn -0.98006 0.04307 0.19397
vn 0.99984 -0.0019 0.01783
vn -0.94318 0.3221 0.08166
vn -0.92898 0.34759 0.12721
vn 0.99781 0.04854 0.04499
vn -0.95848 0.28494 -0.01114
vn 0.98575 0.16763 -0.01375
vn -0.97425 0.22369 0.0283
vn 0.94903 0.21265 0.23265
vn 0.97465 0.15361 0.16264
vn -0.95854 0.28253 0.03719
vn -0.89679 0.44246 0.00172
vn 0.86829 0.4562 0.19483
vn 0.9225 0.37087 -0.107
vn -0.70547 0.69153 0.15523
vn 0.75665 0.64876 0.08115
vn 0.82313 0.5251 0.21618
vn -0.66547 0.74614 -0.02054
vn -0.56645 0.82346 -0.03238
vn -0.29028 0.95677 0.01828
vn -0.16692 0.98149 0.09387
vn -0.1426 0.98739 0.06874
vn 0.46226 0.88668 -0.01068
vn 0.18823 0.98207 -0.0102
vn 0.04666 0.99515 0.08656
vn 0.23425 0.97205 -0.01562
vn 0.43157 0.90107 0.0428
vn -0.24765 0.96315 0.1049
vn -0.29421 0.93243 0.20979
vn -0.1739 0.9766 0.12652
vn -0.21569 0.97621 0.02215
vn -0.27576 0.96044 -0.03896
vn -0.34703 0.93781 0.00858
vn 0.2327 0.94396 0.23409
vn 0.33273 0.94215 -0.04051
vn 0.27509 0.95808 0.08004
vn 0.56368 0.81512 0.13359
vn -0.30399 0.94717 0.1023
vn -0.03101 0.99143 0.12688
vn 0.02942 0.98073 0.19315
vn 0.06728 0.99746 -0.02348
vn -0.16614 0.98467 -0.05318
vn -0.20249 0.96637 0.1585
vn 0.04558 0.97747 0.2061
vn 0.15042 0.98217 0.11277
vn 0.31602 0.93901 0.13563
vn 0.34939 0.93218 0.09467
vn -0.38047 -0.92479 -0.00135
vn -0.33847 -0.94007 0.0413
vn -0.15822 -0.98523 0.06556
vn 0.00423 -0.99944 -0.03311
vn 0.02484 -0.99184 0.12502
vn 0.18527 -0.95124 0.24661
vn 0.07218 -0.95446 0.28946
vn 0.28238 -0.93226 0.22618
vn 0.1203 -0.99174 0.04458
vn 0.1781 -0.97991 0.0898
vn -0.21569 -0.96054 -0.17563
vn -0.38129 -0.89004 -0.24989
vn -0.44584 -0.88437 -0.13827
vn -0.31438 -0.85086 -0.42096
vn 0.19239 -0.9368 -0.29221
vn 0.32745 -0.94338 0.05305
vn 0.47829 -0.8782 -0.00066
vn 0.58069 -0.81411 0.00545
vn -0.21343 -0.9767 0.02245
vn -0.1841 -0.90676 -0.37934
vn -0.36361 -0.90564 -0.21818
vn -0.28269 -0.93845 -0.19848
vn 0.68451 -0.72727 0.0503
vn 0.60095 -0.79031 0.11942
vn -0.27914 -0.939 0.20091
vn -0.48462 -0.87341 0.04788
vn -0.46331 -0.88618 0.00527
vn 0.67344 -0.73195 0.10355
vn 0.5213 -0.85134 0.05879
vn -0.82202 -0.48488 0.2986
vn -0.64103 -0.73059 0.2352
vn 0.56788 -0.81291 0.12918
vn 0.50258 -0.84964 0.15979
vn 0.57818 -0.7792 0.24197
vn -0.82905 -0.54051 0.14326
vn -0.76306 -0.585 0.27479
vn 0.59226 -0.77423 0.22314
vn 0.80027 -0.51721 0.30341
vn -0.86534 -0.48972 0.10657
vn 0.72276 -0.59983 0.34324
vn 0.84546 -0.43877 0.30445
vn -0.93483 -0.26679 0.23433
vn -0.91626 -0.31462 0.24797
vn 0.8732 -0.40158 0.27616
vn 0.95638 -0.15186 0.24954
vn -0.96646 -0.05675 0.25045
vn -0.94348 -0.04673 0.32812
vn 0.958 -0.12645 0.25737
vn -0.96553 0.0717 0.25022
vn -0.94415 0.02374 0.32865
vn 0.9875 -0.06964 0.14143
vn -0.9463 0.27727 0.16623
vn -0.9212 0.31532 0.22798
vn 0.9807 0.09422 0.17132
vn -0.94456 0.22679 0.23743
vn 0.90102 0.31349 0.29982
vn 0.97127 0.14799 0.18636
vn -0.96377 0.15918 0.21403
vn 0.86229 0.42455 0.27608
vn 0.90212 0.38582 0.19318
vn -0.91803 0.33787 0.20753
vn -0.84778 0.45313 0.27557
vn 0.8845 0.38131 0.26884
vn -0.74129 0.63607 0.21425
vn -0.5425 0.77837 0.31596
vn 0.70754 0.69975 0.09862
vn 0.85916 0.46004 0.22408
vn -0.61319 0.75748 0.2241
vn -0.54048 0.77541 0.32653
vn -0.28792 0.91509 0.28235
vn -0.2169 0.97565 0.03252
vn -0.10482 0.9934 0.04655
vn 0.25107 0.96325 -0.09544
vn 0.27298 0.96195 -0.01124
vn -0.04966 0.99544 -0.08145
vn 0.32 0.92251 0.21584
vn 0.54965 0.79891 0.24419
vn -0.08478 0.9949 -0.05465
vn -0.03588 0.99154 0.12471
vn -0.19518 0.96771 0.1595
vn -0.41611 0.89004 0.18623
vn -0.26709 0.95976 0.08674
vn -0.11074 0.97663 0.18418
vn 0.03578 0.96929 0.24329
vn -0.16011 0.96608 0.20262
vn 0.22767 0.95056 0.21119
vn 0.38037 0.90929 0.16884
vn 0.32256 0.90112 0.28971
vn 0.16111 0.97068 0.1784
vn 0.27725 0.96027 -0.03199
vn -0.07957 0.97615 0.202
vn -0.00813 0.96293 0.26963
vn -0.1114 0.97927 0.1692
vn 0.02124 0.99975 -0.00742
vn -0.06247 0.99792 0.01574
vn -0.13968 0.97604 0.16684
vn 0.02508 0.98033 0.19575
vn 0.15687 0.9485 0.2752
vn 0.28136 0.93388 0.22068
vn -0.31974 -0.93025 0.17999
vn -0.10529 -0.95849 0.26496
vn -0.29624 -0.78676 0.54152
vn 0.00803 -0.99838 0.05625
vn 0.23082 -0.96192 0.14637
vn 0.38729 -0.84205 0.37544
vn 0.17387 -0.76425 0.62104
vn -0.05392 -0.80858 0.58592
vn 0.09814 -0.94908 0.29937
vn 0.35421 -0.89086 0.28445
vn -0.40361 -0.88222 -0.24246
vn -0.20684 -0.96117 -0.18267
vn -0.2947 -0.95371 0.05989
vn -0.23054 -0.96839 0.09527
vn -0.08753 -0.95608 0.27973
vn -0.21792 -0.92926 0.29832
vn -0.4988 -0.83592 0.22901
vn 0.32541 -0.86573 0.38029
vn 0.19739 -0.8844 0.42294
vn -0.13231 -0.82149 0.55466
vn 0.04699 -0.88233 0.46828
vn 0.3094 -0.90957 0.27742
vn 0.4153 -0.84518 0.33645
vn 0.50701 -0.8279 0.23986
vn -0.54173 -0.83865 -0.0565
vn -0.47511 -0.8205 -0.3179
vn -0.31542 -0.90125 -0.29708
vn -0.30622 -0.87439 -0.3764
vn 0.4969 -0.80687 0.31947
vn 0.61698 -0.73385 0.28427
vn 0.59178 -0.78988 0.16089
vn -0.60129 -0.79859 0.02659
vn -0.55466 -0.83145 -0.03223
vn -0.52963 -0.84793 0.02252
vn 0.57814 -0.80801 0.11351
vn 0.67532 -0.72899 0.11184
vn -0.70872 -0.69039 0.14518
vn -0.69501 -0.71772 0.04292
vn 0.64385 -0.74557 0.17202
vn 0.61137 -0.70643 0.35662
vn 0.52514 -0.70974 0.46957
vn -0.78982 -0.6095 0.06852
vn -0.79536 -0.51366 0.32182
vn -0.84764 -0.50363 0.16693
vn 0.65409 -0.65044 0.38613
vn 0.57944 -0.61643 0.53316
vn 0.74349 -0.51093 0.43148
vn -0.90291 -0.34885 0.25109
vn -0.8187 -0.40531 0.40676
vn 0.63507 -0.60223 0.48375
vn 0.75952 -0.57384 0.30632
vn -0.87319 -0.22192 0.43393
vn -0.78288 -0.10824 0.61269
vn 0.84901 -0.29635 0.43744
vn 0.98577 -0.08849 0.14293
vn -0.86828 0.00889 0.49599
vn 0.84694 0.10708 0.52079
vn 0.93422 -0.03781 0.35469
vn -0.88038 0.06151 0.47026
vn 0.79208 -0.00404 0.6104
vn 0.92555 -0.01129 0.37846
vn -0.82827 0.34747 0.43959
vn -0.74158 0.40224 0.53689
vn 0.90891 -0.07611 0.40998
vn 0.95647 0.04562 0.28826
vn -0.86951 0.18445 0.45818
vn -0.80225 0.28405 0.52509
vn 0.92511 0.20002 0.32274
vn 0.94669 0.18932 0.26064
vn -0.87104 0.2552 0.41972
vn -0.85658 0.20415 0.47392
vn 0.93141 0.30388 0.20033
vn -0.82543 0.31889 0.46581
vn -0.81401 0.44149 0.37747
vn -0.60946 0.59819 0.52031
vn 0.87182 0.46923 0.14053
vn 0.89186 0.40881 0.19353
vn -0.70692 0.56538 0.42498
vn -0.55287 0.67169 0.49312
vn -0.6146 0.71595 0.33119
vn 0.65097 0.70066 0.29207
vn 0.65672 0.716 0.23678
vn 0.8823 0.4415 0.16314
vn -0.36869 0.75709 0.53933
vn -0.47224 0.85225 0.22508
vn -0.41823 0.90766 0.03518
vn 0.164 0.98265 0.08664
vn -0.03522 0.97721 0.20934
vn 0.31634 0.94661 0.06209
vn 0.22558 0.97148 0.07308
vn 0.13407 0.98585 0.1006
vn 0.42487 0.86959 0.25159
vn 0.47308 0.78137 0.40701
vn -0.09469 0.99408 0.05329
vn 0.12334 0.99149 0.04169
vn -0.15019 0.98221 0.11271
vn -0.42041 0.90693 -0.02713
vn -0.10812 0.99412 -0.00602
vn 0.0617 0.94698 0.31532
vn -0.11022 0.90627 0.40807
vn -0.21447 0.94564 0.24448
vn -0.34267 0.91724 0.20308
vn 0.17665 0.96726 0.18221
vn 0.03278 0.97912 0.2006
vn 0.00456 0.96957 0.24476
vn 0.10009 0.98294 0.15429
vn 0.3338 0.9334 0.13171
vn 0.32518 0.92811 0.18131
vn -0.05504 0.98825 0.14262
vn 0.21595 0.97158 0.09693
vn -0.18399 0.97097 0.15286
vn -0.04667 0.99867 0.02205
vn 0.14696 0.98649 0.07242
vn -0.00466 0.98682 0.16174
vn -0.0291 0.97491 0.22067
vn 0.11185 0.98352 0.14202
vn -0.24502 -0.7627 0.59855
vn 0.24846 -0.86259 0.4407
vn 0.53906 -0.75371 0.37596
vn -0.26436 -0.9546 0.13728
vn -0.16226 -0.98658 -0.01828
vn -0.09435 -0.99512 -0.0288
vn -0.29253 -0.95124 0.0978
vn -0.12805 -0.91718 0.37734
vn -0.02022 -0.94294 0.33236
vn -0.1733 -0.83117 0.52832
vn 0.14294 -0.68259 0.71669
vn 0.37458 -0.80916 0.4527
vn 0.16065 -0.91697 0.36517
vn -0.1365 -0.92419 0.3567
vn 0.08723 -0.9191 0.38423
vn 0.34723 -0.83697 0.42297
vn 0.31239 -0.81886 0.48153
vn -0.58867 -0.78854 0.178
vn -0.42157 -0.8321 0.36042
vn -0.4368 -0.87063 0.22631
vn 0.27281 -0.87641 0.39683
vn 0.43206 -0.75646 0.491
vn 0.47219 -0.78878 0.39352
vn 0.58622 -0.78538 0.19879
vn -0.81022 -0.58543 -0.02866
vn -0.5063 -0.85908 -0.07514
vn -0.46815 -0.87944 0.0861
vn -0.39048 -0.88516 0.25301
vn 0.43242 -0.83472 0.34096
vn 0.5277 -0.81864 0.22664
vn 0.65489 -0.72894 0.19941
vn -0.77364 -0.62454 0.10692
vn 0.74559 -0.58024 0.32775
vn 0.71819 -0.60231 0.34847
vn -0.75183 -0.44773 0.48403
vn -0.8949 -0.36967 0.24999
vn 0.64332 -0.46015 0.61188
vn 0.69229 -0.57229 0.43956
vn 0.66485 -0.6097 0.43155
vn -0.76586 -0.12882 0.62997
vn -0.812 -0.05758 0.58081
vn 0.64707 -0.47651 0.59518
vn 0.64024 -0.58281 0.50042
vn 0.69642 -0.51564 0.49911
vn -0.77825 -0.27955 0.56229
vn -0.68053 -0.33306 0.65265
vn 0.71428 -0.27268 0.64455
vn 0.68891 -0.25574 0.67824
vn -0.85538 0.02156 0.51755
vn -0.77311 -0.04568 0.63263
vn 0.85434 -0.1161 0.50658
vn 0.74118 -0.10591 0.6629
vn -0.81928 -0.00731 0.57334
vn -0.81858 -0.01128 0.57428
vn 0.93086 -0.00254 0.36536
vn 0.88707 0.03192 0.46052
vn -0.77857 0.2164 0.58907
vn -0.8441 0.28513 0.45408
vn 0.8593 -0.10282 0.50102
vn -0.86147 0.29742 0.41159
vn 0.89908 0.05776 0.43395
vn -0.80126 0.20532 0.56198
vn -0.86494 0.33605 0.37275
vn 0.90585 0.24435 0.34603
vn -0.67481 0.40104 0.61952
vn -0.79279 0.41282 0.4484
vn 0.8537 0.42333 0.3033
vn 0.93941 0.2954 0.1739
vn -0.72341 0.63235 0.27713
vn -0.69211 0.72161 -0.01602
vn 0.56951 0.81488 0.10783
vn 0.71561 0.62839 0.30502
vn -0.62056 0.78193 0.05908
vn -0.42684 0.87015 0.24625
vn -0.07915 0.95947 0.27045
vn -0.1103 0.99366 0.02182
vn -0.35241 0.93579 0.00977
vn 0.2977 0.94353 0.14532
vn 0.22974 0.95808 0.17116
vn 0.29639 0.95088 0.08938
vn 0.18241 0.98161 0.05622
vn 0.42803 0.89756 0.10567
vn -0.10114 0.97725 0.1864
vn -0.08205 0.98001 0.18125
vn -0.4036 0.88999 0.21218
vn -0.28882 0.94644 0.14433
vn -0.06911 0.92558 0.3722
vn -0.02638 0.97109 0.23727
vn -0.10116 0.99464 0.02124
vn -0.24578 0.95044 0.19041
vn -0.08193 0.94722 0.30994
vn 0.0668 0.93922 0.33676
vn -0.01268 0.94928 0.31419
vn 0.01894 0.94194 0.33524
vn 0.02703 0.94751 0.31859
vn 0.35357 0.91796 0.17981
vn 0.30871 0.95044 -0.03691
vn 0.31931 0.9401 0.11942
vn 0.19231 0.93856 0.28656
vn -0.04898 0.9435 0.32772
vn 0.07625 0.94476 0.31878
vn -0.46563 -0.80015 0.37808
vn -0.44449 -0.89119 0.09055
vn 0.05018 -0.93359 0.3548
vn -0.12263 -0.97441 0.18837
vn -0.0831 -0.90705 0.41273
vn 0.07551 -0.91223 0.40267
vn 0.03809 -0.82285 0.56697
vn 0.08881 -0.82812 0.55348
vn 0.14216 -0.90139 0.40901
vn -0.01687 -0.91946 0.39283
vn -0.11204 -0.94031 0.32135
vn 0.13426 -0.91282 0.38565
vn 0.3628 -0.85968 0.35963
vn -0.22204 -0.96898 -0.10853
vn -0.39304 -0.9002 0.18749
vn -0.40097 -0.8298 0.38814
vn -0.35228 -0.86347 0.361
vn -0.18178 -0.87651 0.44575
vn 0.1724 -0.86992 0.46209
vn 0.14581 -0.77458 0.61544
vn -0.06954 -0.72248 0.68788
vn -0.02113 -0.85039 0.52573
vn 0.11407 -0.72996 0.67391
vn -0.00874 -0.723 0.6908
vn 0.18493 -0.69047 0.69932
vn 0.32634 -0.80625 0.49342
vn 0.33915 -0.65098 0.67912
vn 0.33957 -0.73549 0.58629
vn -0.72451 -0.68274 0.09458
vn -0.54572 -0.82925 0.12054
vn -0.12986 -0.98963 -0.06137
vn -0.38189 -0.89472 0.2316
vn 0.35238 -0.80242 0.48161
vn 0.26414 -0.79477 0.54641
vn 0.43411 -0.79732 0.41932
vn 0.69612 -0.6391 0.32706
vn -0.93729 -0.34452 0.05277
vn -0.70991 -0.5821 0.39647
vn 0.56085 -0.55321 0.61595
vn 0.79005 -0.43831 0.42862
vn -0.87287 -0.18635 0.45097
vn 0.69182 -0.53259 0.48758
vn 0.64847 -0.52224 0.55385
vn -0.79639 -0.29803 0.52625
vn -0.87742 -0.14545 0.45715
vn 0.70956 -0.48852 0.50781
vn 0.66185 -0.48117 0.57483
vn 0.62432 -0.51507 0.58731
vn -0.70441 -0.35299 0.6158
vn -0.79212 -0.23571 0.56301
vn 0.63477 -0.43274 0.64016
vn 0.71261 -0.38922 0.58369
vn -0.78457 -0.12418 0.60747
vn -0.6916 -0.14477 0.70763
vn 0.83819 -0.23656 0.4914
vn -0.74015 -0.02707 0.67189
vn -0.65648 -0.07998 0.75009
vn 0.92311 -0.07579 0.377
vn 0.90667 -0.20201 0.37033
vn -0.83413 0.1114 0.54021
vn -0.66439 0.06448 0.7446
vn 0.76117 -0.05543 0.64618
vn 0.90243 -0.07556 0.42416
vn -0.83055 0.37421 0.4125
vn -0.68234 0.13917 0.71767
vn 0.76536 0.08158 0.63841
vn 0.88157 0.12779 0.45442
vn -0.79377 0.28117 0.53932
vn -0.85896 0.21695 0.46382
vn 0.79155 0.089 0.60458
vn 0.92591 0.02837 0.37668
vn -0.9003 0.32057 0.29443
vn 0.48392 0.31883 0.81497
vn 0.75832 0.39907 0.51546
vn 0.90988 0.24207 0.33692
vn -0.81669 0.51805 0.25426
vn -0.59277 0.73106 0.33791
vn 0.25441 0.62874 0.73482
vn 0.48357 0.75298 0.4463
vn 0.69719 0.60639 0.38237
vn -0.51639 0.81296 0.26915
vn -0.35567 0.87494 0.32861
vn -0.18116 0.96569 0.18606
vn -0.183 0.97166 0.14961
vn -0.24628 0.94987 0.19262
vn 0.10933 0.94295 0.31448
vn 0.05359 0.94002 0.33687
vn 0.10132 0.72722 0.67888
vn 0.01395 0.758 0.6521
vn 0.14135 0.8128 0.56514
vn -0.06124 0.78457 0.617
vn 0.08054 0.79116 0.60628
vn 0.30138 0.87769 0.37259
vn 0.37942 0.90963 0.16917
vn 0.2982 0.91295 0.27856
vn 0.16634 0.90932 0.38141
vn 0.18337 0.89205 0.41307
vn 0.49769 0.8265 0.26305
vn -0.12949 0.97638 0.17297
vn -0.05437 0.95001 0.30745
vn -0.11186 0.91688 0.38317
vn -0.01672 0.90791 0.41882
vn -0.09143 0.92734 0.36288
vn -0.17751 0.92446 0.33743
vn 0.15012 0.92625 0.34572
vn 0.10086 0.87644 0.47082
vn -0.04699 0.83825 0.54325
vn 0.01502 0.76467 0.64424
vn 0.05691 0.8954 0.44161
vn 0.13001 0.9742 0.18447
vn 0.33424 0.91964 0.20629
vn -0.2333 -0.92687 0.29407
vn -0.05228 -0.94311 0.32835
vn -0.00543 -0.95665 0.2912
vn 0.25327 -0.93864 0.2341
vn -0.16607 -0.98585 -0.02268
vn -0.13988 -0.98078 0.13601
vn -0.33361 -0.85249 0.40246
vn -0.34977 -0.83265 0.42937
vn -0.26353 -0.80876 0.5258
vn -0.17275 -0.8069 0.56486
vn 0.1458 -0.81346 0.56305
vn 0.39382 -0.71884 0.57286
vn 0.12715 -0.85677 0.49978
vn -0.05569 -0.83292 0.55058
vn 0.00041 -0.81955 0.57301
vn 0.15428 -0.77032 0.61871
vn -0.07045 -0.76423 0.64108
vn 0.06671 -0.81396 0.57708
vn 0.28163 -0.75273 0.59505
vn 0.45751 -0.75808 0.46476
vn -0.68095 -0.6285 0.3759
vn -0.44434 -0.84531 0.29666
vn -0.06051 -0.96383 0.25957
vn -0.11927 -0.89401 0.43189
vn 0.21361 -0.82868 0.51736
vn 0.04269 -0.85375 0.51893
vn -0.06932 -0.85803 0.50889
vn 0.17698 -0.77539 0.60618
vn 0.13888 -0.5688 0.81066
vn 0.1227 -0.76476 0.63252
vn 0.33322 -0.83575 0.43645
vn 0.47594 -0.67183 0.56756
vn -0.86124 -0.28277 0.42227
vn -0.69668 -0.39742 0.59724
vn 0.50495 -0.61956 0.60098
vn 0.63676 -0.50055 0.58651
vn 0.67038 -0.4995 0.54871
vn -0.87964 -0.08606 0.4678
vn -0.78132 -0.26335 0.56585
vn 0.69323 -0.54608 0.47035
vn 0.61362 -0.43817 0.65687
vn -0.85365 -0.15908 0.49597
vn -0.83088 -0.21056 0.51507
vn 0.67519 -0.58664 0.44719
vn 0.65136 -0.51263 0.55942
vn 0.75639 -0.44452 0.47987
vn -0.87572 -0.02262 0.48228
vn 0.7114 -0.47968 0.51362
vn 0.69859 -0.39859 0.59422
vn 0.64059 -0.38559 0.66405
vn -0.76199 -0.13423 0.63352
vn 0.68452 -0.22143 0.69455
vn 0.76729 -0.3506 0.53698
vn -0.7954 0.01284 0.60595
vn -0.64179 0.13566 0.75478
vn 0.67019 0.00145 0.74219
vn 0.79234 -0.08694 0.60386
vn -0.62035 0.03196 0.78367
vn -0.67918 0.0324 0.73326
vn 0.67908 0.08937 0.72861
vn 0.77109 0.10201 0.62851
vn -0.79112 0.06819 0.60785
vn -0.80672 -0.04451 0.58926
vn 0.71177 -0.05621 0.70016
vn 0.75542 -0.01906 0.65496
vn -0.81224 0.14013 0.56624
vn -0.80813 0.18255 0.56001
vn 0.69052 0.16667 0.70385
vn 0.79388 0.14751 0.58991
vn -0.82575 0.30992 0.47126
vn -0.64907 0.34482 0.67809
vn 0.61146 0.61892 0.49301
vn 0.54157 0.43872 0.7171
vn 0.53862 0.32736 0.77635
vn -0.72075 0.44997 0.5273
vn -0.59915 0.64806 0.47014
vn -0.60073 0.68584 0.41078
vn 0.47212 0.79531 0.38025
vn 0.36382 0.81298 0.45464
vn 0.4078 0.64412 0.64715
vn 0.46798 0.44153 0.76554
vn -0.5036 0.76529 0.4009
vn -0.30076 0.90226 0.30898
vn -0.3323 0.87318 0.35654
vn -0.03129 0.94098 0.33702
vn -0.11791 0.91136 0.39435
vn 0.02813 0.89382 0.44754
vn 0.06492 0.87762 0.47494
vn 0.04985 0.90694 0.41829
vn -0.12958 0.85501 0.50216
vn -0.15847 0.86894 0.46885
vn 0.15163 0.83415 0.53028
vn 0.17395 0.83174 0.52721
vn -0.01605 0.88804 0.45948
vn -0.16195 0.88613 0.43423
vn -0.13939 0.9261 0.35059
vn 0.17567 0.88418 0.43285
vn 0.21919 0.92273 0.31704
vn 0.49835 0.76051 0.41626
vn 0.23614 0.80345 0.54654
vn 0.29066 0.75398 0.5891
vn -0.04347 0.94567 0.32222
vn 0.11187 0.94686 0.30156
vn -0.08938 0.85506 0.51077
vn -0.06419 0.78537 0.61569
vn -0.26522 0.81864 0.5094
vn -0.12198 0.86797 0.4814
vn 0.14625 0.8597 0.48941
vn 0.21793 0.82752 0.51742
vn -0.21517 0.88037 0.42268
vn -0.05134 0.93196 0.3589
vn 0.064 0.92282 0.37987
vn -0.37306 -0.76162 0.52987
vn -0.20722 -0.81713 0.53792
vn -0.21094 -0.69851 0.68381
vn -0.12671 -0.74954 0.64971
vn 0.12653 -0.83814 0.53058
vn 0.13485 -0.83106 0.53959
vn 0.28729 -0.93498 0.20805
vn -0.10013 -0.95958 0.26302
vn 0.07883 -0.87865 0.47091
vn -0.62791 -0.52023 0.57887
vn -0.41115 -0.63102 0.65785
vn -0.27306 -0.74149 0.61289
vn 0.01292 -0.78194 0.62322
vn -0.27038 -0.62283 0.73415
vn -0.02956 -0.81769 0.5749
vn -0.30679 -0.79979 0.51597
vn 0.17386 -0.84993 0.49738
vn 0.10937 -0.86889 0.48276
vn 0.10167 -0.94322 0.31624
vn 0.01698 -0.97189 0.23484
vn 0.24691 -0.86138 0.44392
vn 0.20958 -0.84663 0.48917
vn 0.07595 -0.78714 0.61208
vn 0.22428 -0.66941 0.70823
vn 0.15883 -0.76784 0.62064
vn 0.21374 -0.73519 0.64328
vn 0.32652 -0.69733 0.63805
vn -0.71504 -0.36491 0.59629
vn -0.55382 -0.54326 0.631
vn -0.3709 -0.57056 0.73273
vn 0.31309 -0.67728 0.66578
vn 0.13637 -0.65132 0.74645
vn 0.26608 -0.67091 0.69216
vn 0.37058 -0.59609 0.71228
vn 0.60186 -0.64388 0.47243
vn -0.85341 -0.22643 0.4695
vn -0.63263 -0.31005 0.70968
vn 0.46136 -0.73644 0.49478
vn 0.64435 -0.68596 0.33803
vn -0.79336 0.01999 0.60842
vn -0.69417 -0.16255 0.70122
vn 0.81392 -0.4706 0.34068
vn 0.72063 -0.482 0.49836
vn -0.77986 0.02957 0.62526
vn -0.70473 0.01441 0.70933
vn -0.68079 0.09439 0.72637
vn 0.72906 -0.32148 0.60425
vn 0.7066 -0.33427 0.62368
vn -0.76351 0.0083 0.64575
vn -0.64641 -0.01082 0.76291
vn -0.78394 0.01638 0.62062
vn 0.71193 -0.27626 0.64563
vn 0.6533 -0.35089 0.67087
vn -0.67265 -0.07486 0.73616
vn -0.64622 0.06117 0.7607
vn -0.78815 0.09169 0.60862
vn 0.71521 0.01543 0.69874
vn 0.73499 -0.01952 0.6778
vn -0.74807 -0.06233 0.66069
vn -0.70807 -0.12258 0.69542
vn 0.76631 0.04103 0.64116
vn 0.74036 0.03103 0.6715
vn -0.72826 -0.10402 0.67737
vn -0.71561 -0.20937 0.66639
vn 0.65685 0.16057 0.73672
vn 0.70109 0.14494 0.69819
vn -0.70687 0.33103 0.6251
vn -0.67016 0.3843 0.63498
vn 0.72485 0.18702 0.66303
vn 0.57818 0.24073 0.77959
vn -0.56782 0.27377 0.77629
vn -0.62324 0.42118 0.65892
vn -0.4736 0.29427 0.83013
vn 0.49242 0.45694 0.74076
vn 0.41584 0.46905 0.77915
vn 0.46296 0.63329 0.62016
vn 0.65567 0.47078 0.5903
vn -0.53385 0.39748 0.74633
vn -0.36509 0.69521 0.61919
vn -0.17961 0.68311 0.70788
vn -0.17129 0.78836 0.59089
vn -0.11626 0.88294 0.45486
vn -0.00142 0.84126 0.54063
vn -0.2614 0.8269 0.49791
vn 0.05516 0.85264 0.51958
vn -0.2915 0.91547 0.27739
vn 0.34763 0.80129 0.48691
vn 0.39637 0.81733 0.41817
vn 0.5254 0.68433 0.50562
vn 0.4418 0.72518 0.52814
vn -0.28714 0.84418 0.45267
vn -0.11086 0.85963 0.49875
vn -0.03175 0.84443 0.53472
vn -0.10555 0.82844 0.55004
vn -0.12097 0.96094 0.24891
vn 0.06581 0.94081 0.33249
vn -0.0358 0.96632 0.25484
vn -0.05529 0.9191 0.39014
vn -0.11004 0.86036 0.49767
vn 0.23501 0.88312 0.40605
vn 0.10772 0.82945 0.54809
vn -0.09554 0.94083 0.32512
vn -0.09081 0.94192 0.32332
vn -0.24157 0.87748 0.41434
vn 0.13352 0.89036 0.43525
vn 0.28324 0.86764 0.40863
vn 0.37169 0.83239 0.41108
vn -0.06129 -0.86463 0.49865
vn -0.00707 -0.8727 0.4882
vn -0.20876 -0.59391 0.77698
vn -0.043 -0.62512 0.77934
vn -0.19938 -0.73289 0.65047
vn -0.33498 -0.75161 0.56822
vn -0.22809 -0.78397 0.57738
vn 0.0585 -0.88473 0.46243
vn 0.0864 -0.85527 0.51093
vn -0.14168 -0.88316 0.44716
vn 0.16667 -0.86888 0.46612
vn 0.20607 -0.80056 0.5627
vn 0.35498 -0.80831 0.4697
vn 0.13311 -0.85818 0.49579
vn 0.18919 -0.80784 0.55822
vn -0.40849 -0.4791 0.77692
vn -0.23049 -0.47434 0.84964
vn -0.07734 -0.49355 0.86627
vn -0.38106 -0.46727 0.79778
vn -0.26706 -0.57457 0.77366
vn 0.22449 -0.68887 0.68925
vn 0.19598 -0.7958 0.57297
vn 0.27889 -0.75015 0.59958
vn 0.32927 -0.68565 0.6492
vn 0.16318 -0.71921 0.67536
vn 0.21134 -0.71246 0.66913
vn 0.27108 -0.72329 0.63511
vn -0.74279 -0.01413 0.66938
vn -0.49409 -0.25049 0.83255
vn -0.18656 -0.23291 0.95444
vn -0.12944 -0.19322 0.97258
vn -0.23802 -0.26001 0.93581
vn 0.3597 -0.58563 0.7264
vn 0.22962 -0.59062 0.77359
vn 0.23224 -0.52898 0.81624
vn 0.39269 -0.67638 0.62314
vn 0.55601 -0.61977 0.55384
vn -0.81335 -0.01006 0.58169
vn -0.58826 -0.0279 0.80819
vn -0.31461 -0.25509 0.9143
vn -0.12956 -0.4107 0.90252
vn 0.18998 -0.62732 0.75524
vn 0.34829 -0.53334 0.77087
vn 0.69521 -0.39655 0.59953
vn 0.8661 -0.26935 0.4211
vn -0.78487 0.09022 0.61306
vn -0.5925 0.0713 0.80241
vn -0.42522 -0.23022 0.87532
vn 0.68195 -0.20894 0.70092
vn 0.82619 -0.21663 0.52008
vn -0.84306 -0.06458 0.53393
vn 0.6006 -0.05204 0.79786
vn 0.65983 -0.20537 0.72281
vn -0.71025 0.17167 0.68269
vn -0.77311 0.12824 0.62117
vn 0.56943 0.06774 0.81925
vn 0.61986 0.04938 0.78316
vn -0.75377 -0.05999 0.65439
vn -0.58805 0.13729 0.79709
vn 0.52855 0.0602 0.84677
vn 0.62027 0.04887 0.78286
vn -0.76035 -0.01307 0.64938
vn -0.5842 -0.00506 0.8116
vn -0.38327 0.13853 0.91319
vn 0.50769 0.26508 0.81974
vn 0.51362 0.20345 0.83355
vn 0.52905 0.22785 0.81743
vn -0.75444 0.09459 0.64951
vn -0.51255 0.34016 0.7884
vn -0.2834 0.36877 0.88526
vn -0.30046 0.32914 0.89521
vn 0.60055 0.28686 0.74636
vn 0.36301 0.3084 0.87927
vn 0.49006 0.30267 0.81746
vn -0.40698 0.45213 0.79369
vn -0.33272 0.27028 0.90346
vn -0.42793 0.25923 0.86584
vn -0.30068 0.33313 0.89365
vn 0.50168 0.64976 0.57107
vn 0.57401 0.36417 0.73341
vn 0.42966 0.40967 0.80471
vn 0.39724 0.44315 0.80363
vn -0.1223 0.43979 0.88974
vn -0.25452 0.57625 0.77663
vn -0.2747 0.71676 0.64094
vn -0.30437 0.53236 0.7899
vn -0.11643 0.87322 0.47322
vn -0.04696 0.91266 0.40602
vn 0.24822 0.8722 0.42149
vn 0.07299 0.71008 0.70033
vn 0.17773 0.7294 0.66059
vn -0.02621 0.909 0.41598
vn -0.2619 0.86305 0.43192
vn 0.04187 0.94701 0.31847
vn 0.04748 0.9696 0.24003
vn 0.11183 0.90417 0.41227
vn 0.24216 0.72822 0.64113
vn 0.38294 0.63254 0.67324
vn -0.05612 0.90766 0.41594
vn 0.04727 0.96666 0.25166
vn -0.03549 0.92419 0.38028
vn -0.13903 0.78012 0.60999
vn 0.21847 0.7746 0.59351
vn 0.37971 0.73605 0.5604
vn -0.05095 0.97643 0.20976
vn 0.12843 0.89252 0.43233
vn -0.10133 0.88964 0.44527
vn 0.17469 0.83811 0.51678
vn 0.17192 0.8078 0.56383
vn -0.324 -0.54917 0.77035
vn -0.25831 -0.60766 0.75102
vn 0.05343 -0.69081 0.72106
vn 0.08736 -0.77757 0.6227
vn -0.17207 -0.71785 0.6746
vn 0.06981 -0.75209 0.65536
vn 0.33495 -0.75945 0.55771
vn -0.15176 -0.28428 0.94665
vn -0.30215 -0.47753 0.82503
vn -0.29186 -0.32061 0.90112
vn -0.02142 -0.52224 0.85253
vn 0.06693 -0.58897 0.80538
vn -0.26008 -0.58887 0.76524
vn 0.12602 -0.64565 0.75316
vn 0.28662 -0.63712 0.71549
vn 0.25698 -0.52306 0.81263
vn 0.17651 -0.61902 0.76528
vn 0.25485 -0.71166 0.65467
vn -0.26852 -0.30031 0.91526
vn -0.21676 -0.27829 0.93572
vn -0.2813 -0.4904 0.82485
vn -0.39993 -0.2985 0.86658
vn -0.03489 -0.32179 0.94617
vn -0.04397 -0.35067 0.93547
vn -0.21573 -0.36699 0.90487
vn 0.41897 -0.40413 0.81311
vn 0.31863 -0.61469 0.72155
vn 0.15183 -0.63799 0.75493
vn 0.42733 -0.54414 0.72201
vn 0.2477 -0.50603 0.82618
vn 0.16996 -0.59561 0.78509
vn -0.35146 -0.27252 0.89566
vn -0.03758 -0.25256 0.96685
vn -0.24723 -0.15144 0.95705
vn -0.35709 -0.29069 0.88769
vn -0.30816 -0.33123 0.89181
vn 0.23371 -0.64791 0.72498
vn 0.38714 -0.57261 0.72266
vn 0.30253 -0.61577 0.72754
vn 0.14151 -0.53929 0.83015
vn 0.37918 -0.40374 0.8326
vn 0.4675 -0.42826 0.77333
vn -0.5986 -0.12918 0.79056
vn -0.14664 -0.33006 0.9325
vn -0.04399 -0.21336 0.97598
vn -0.24215 -0.23704 0.94084
vn -0.57977 -0.19045 0.79221
vn 0.2471 -0.5616 0.78965
vn 0.27402 -0.39593 0.87644
vn 0.44002 -0.31038 0.84264
vn 0.64694 -0.27738 0.7103
vn -0.62757 0.33074 0.70482
vn -0.35326 -0.17837 0.91836
vn -0.19722 -0.33026 0.92305
vn -0.27191 -0.43228 0.85977
vn 0.48076 -0.01785 0.87667
vn 0.39744 0.06085 0.91561
vn 0.62469 0.1014 0.77426
vn -0.69743 0.12686 0.70534
vn -0.55946 0.06986 0.82591
vn -0.28491 -0.0321 0.95802
vn -0.26839 0.25795 0.92813
vn 0.60778 0.01379 0.79399
vn 0.49373 0.06258 0.86736
vn 0.52711 0.06927 0.84697
vn -0.45004 0.31887 0.83414
vn -0.18016 0.33554 0.92464
vn -0.30854 0.40297 0.86164
vn -0.37877 0.10921 0.91902
vn 0.69429 0.03244 0.71896
vn 0.53074 0.12286 0.83858
vn 0.49515 0.11739 0.86084
vn -0.30197 0.15125 0.94124
vn -0.20191 0.22749 0.95262
vn -0.24411 0.14431 0.95895
vn -0.22779 0.29019 0.92947
vn -0.17142 0.26625 0.94854
vn -0.24649 0.30743 0.91909
vn 0.60185 0.18316 0.77732
vn 0.55545 0.04302 0.83043
vn 0.45206 0.16097 0.87734
vn -0.17616 0.34993 0.92006
vn -0.24975 0.30845 0.91787
vn -0.20873 0.1693 0.96321
vn -0.12156 0.31877 0.94
vn -0.29036 0.16674 0.94228
vn -0.31294 0.14776 0.93821
vn 0.34898 0.29826 0.8884
vn 0.47133 0.25013 0.84575
vn 0.57353 0.1989 0.79467
vn -0.33821 0.23727 0.91067
vn -0.25711 0.36046 0.89664
vn -0.21927 0.07789 0.97255
vn -0.27711 0.15128 0.94885
vn -0.13184 0.2656 0.95503
vn 0.12872 0.50462 0.85369
vn -0.08157 0.72096 0.68816
vn 0.02756 0.70912 0.70455
vn -0.08888 0.84132 0.53318
vn -0.15051 0.63484 0.75784
vn -0.00957 0.57404 0.81877
vn 0.12839 0.21996 0.96702
vn 0.20969 0.31335 0.9262
vn 0.40254 0.37552 0.83483
vn 0.61569 0.30371 0.72711
vn -0.40594 0.29441 0.86518
vn -0.31794 0.41408 0.85291
vn -0.18736 0.42391 0.88612
vn -0.10644 0.64449 0.75717
vn 0.21752 0.5769 0.78732
vn 0.21039 0.66802 0.71378
vn -0.08576 0.6147 0.78409
vn -0.18795 0.49988 0.84545
vn -0.17727 0.66952 0.72133
vn 0.04479 0.81026 0.58435
vn 0.16878 0.69341 0.7005
vn 0.29785 0.70853 0.63974
vn 0.3766 0.72378 0.5782
vn -0.09622 -0.14905 0.98414
vn 0.01406 -0.21483 0.97655
vn 0.06038 -0.27015 0.96092
vn -0.3257 -0.36055 0.87403
vn -0.05701 -0.39737 0.91589
vn 0.04754 -0.43964 0.89692
vn -0.08702 -0.2561 0.96273
vn -0.07884 -0.00304 0.99688
vn 0.13948 -0.24669 0.959
vn -0.04084 -0.44744 0.89338
vn 0.14191 -0.75309 0.64243
vn -0.3845 -0.31512 0.86767
vn -0.39172 -0.30218 0.86905
vn -0.13929 -0.33667 0.93126
vn 0.02946 -0.36076 0.93219
vn 0.30852 -0.35162 0.88384
vn -0.04211 -0.37154 0.92746
vn -0.09076 -0.34044 0.93588
vn 0.04313 -0.53061 0.84652
vn 0.23578 -0.34239 0.90949
vn 0.35352 -0.43444 0.82842
vn 0.46615 -0.47228 0.7481
vn -0.46703 -0.29788 0.83255
vn -0.50633 -0.29347 0.81086
vn -0.15019 -0.25418 0.95542
vn -0.31286 -0.24027 0.91891
vn -0.16013 -0.31829 0.93437
vn 0.16191 -0.56699 0.80765
vn 0.0469 -0.49254 0.86902
vn 0.03055 -0.28956 0.95667
vn 0.10677 -0.37422 0.92117
vn 0.15145 -0.4884 0.85938
vn 0.19844 -0.44103 0.87528
vn 0.26811 -0.47575 0.83772
vn 0.32894 -0.4475 0.83159
vn -0.14087 -0.16509 0.97617
vn -0.23327 -0.24908 0.93997
vn -0.27007 -0.29952 0.91507
vn -0.07801 -0.16943 0.98245
vn -0.22443 0.0569 0.97283
vn -0.29718 -0.0739 0.95196
vn 0.05001 -0.42422 0.90418
vn 0.09949 -0.51971 0.84853
vn 0.22328 -0.35701 0.90702
vn 0.31888 -0.21588 0.92288
vn 0.49289 -0.13027 0.86028
vn -0.1153 -0.14631 0.9825
vn -0.24698 0.1317 0.96003
vn -0.16757 0.23488 0.95747
vn 0.12163 0.2051 0.97115
vn -0.23395 0.14759 0.96098
vn -0.32879 0.18936 0.92522
vn 0.35463 -0.17 0.91942
vn 0.40831 -0.18159 0.8946
vn -0.26282 0.40565 0.87543
vn -0.27884 0.27251 0.92086
vn -0.19618 0.3355 0.92139
vn -0.16601 0.22924 0.95911
vn -0.42837 0.21912 0.87663
vn 0.15215 0.39785 0.90475
vn 0.05181 0.35522 0.93335
vn 0.01317 0.27684 0.96082
vn 0.26305 0.10213 0.95936
vn 0.6169 0.16315 0.76994
vn -0.06067 0.30836 0.94933
vn -0.12748 0.28432 0.95022
vn -0.36932 0.27373 0.88807
vn -0.23122 0.28733 0.92951
vn -0.05801 0.21353 0.97521
vn 0.0974 0.20751 0.97337
vn 0.0932 0.44227 0.89203
vn 0.05644 0.38715 0.92029
vn 0.03315 0.26304 0.96421
vn -0.02596 0.3369 0.94118
vn 0.18937 0.51356 0.83689
vn 0.52615 0.29496 0.7976
vn -0.33291 0.16802 0.92787
vn -0.42023 0.54703 0.72399
vn -0.14199 0.32057 0.93652
vn 0.04359 0.38747 0.92085
vn 0.04825 0.37601 0.92536
vn 0.05881 0.12346 0.99061
vn 0.12257 0.19315 0.97348
vn 0.02129 0.36611 0.93033
vn 0.35557 0.34396 0.86906
vn 0.4902 0.39468 0.77713
vn 0.07976 0.28603 0.9549
vn -0.04946 0.56161 0.82592
vn -0.35664 0.81025 0.46509
vn 0.03921 0.87152 0.48879
vn -0.00783 0.76343 0.64584
vn -0.13484 0.49056 0.86091
vn 0.14084 0.42053 0.89628
vn 0.18049 0.25103 0.951
vn 0.21828 0.38147 0.89824
vn -0.25508 -0.36781 0.89423
vn -0.06322 -0.36085 0.93048
vn 0.13271 -0.63218 0.76337
vn 0.1348 -0.44144 0.88711
vn 0.02929 -0.41361 0.90998
vn -0.40486 -0.03062 0.91386
vn -0.3457 -0.2024 0.91626
vn -0.14051 -0.1986 0.96996
vn 0.11526 -0.21617 0.96953
vn 0.13428 -0.38233 0.91422
vn 0.05528 -0.17927 0.98225
vn 0.10866 -0.13355 0.98507
vn 0.2055 -0.28215 0.9371
vn 0.3593 -0.21471 0.90819
vn -0.32006 -0.03159 0.94687
vn -0.35033 0.15498 0.92372
vn -0.1421 0.13608 0.98045
vn 0.05763 0.10935 0.99233
vn 0.18001 0.12199 0.97607
vn 0.03213 0.00198 0.99948
vn 0.07588 0.07025 0.99464
vn 0.11892 -0.03838 0.99216
vn 0.3622 -0.0882 0.92792
vn -0.2998 0.20186 0.9324
vn -0.19667 0.24694 0.94886
vn -0.00956 0.1742 0.98466
vn 0.10337 0.18056 0.97812
vn 0.08769 0.26609 0.95995
vn 0.0369 0.25421 0.96644
vn 0.0942 0.26248 0.96033
vn 0.14004 0.03698 0.98946
vn -0.31483 0.09542 0.94434
vn -0.04318 0.16994 0.98451
vn 0.0157 0.27507 0.9613
vn 0.11422 0.29623 0.94826
vn 0.11794 0.32528 0.93824
vn -0.03668 0.28622 0.95746
vn -0.00112 0.28765 0.95774
g clay
usemtl clay_0
f 1//1 5//5 2//2
f 1//1 4//4 5//5
f 3//3 8//8 4//4
f 3//3 7//7 8//8
f 4//4 9//9 5//5
f 4//4 8//8 9//9
f 6//6 9//9 10//10
f 6//6 5//5 9//9
f 8//8 12//12 13//13
f 8//8 7//7 12//12
f 9//9 13//13 14//14
f 9//9 8//8 13//13
f 10//10 14//14 15//15
f 10//10 9//9 14//14
f 11//11 15//15 16//16
f 11//11 10//10 15//15
f 13//13 18//18 19//19
f 13//13 12//12 18//18
f 13//13 20//20 14//14
f 13//13 19//19 20//20
f 15//15 20//20 21//21
f 15//15 14//14 20//20
f 16//16 21//21 22//22
f 16//16 15//15 21//21
f 17//17 22//22 23//23
f 17//17 16//16 22//22
f 19//19 24//24 25//25
f 19//19 18//18 24//24
f 19//19 26//26 20//20
f 19//19 25//25 26//26
f 21//21 26//26 27//27
f 21//21 20//20 26//26
f 21//21 28//28 22//22
f 21//21 27//27 28//28
f 24//24 31//31 25//25
f 24//24 30//30 31//31
f 25//25 32//32 26//26
f 25//25 31//31 32//32
f 26//26 33//33 27//27
f 26//26 32//32 33//33
f 30//30 34//34 35//35
f 30//30 29//29 34//34
f 31//31 35//35 36//36
f 31//31 30//30 35//35
f 31//31 37//37 32//32
f 31//31 36//36 37//37
f 32//32 38//38 33//33
f 32//32 37//37 38//38
f 37//37 39//39 40//40
f 37//37 36//36 39//39
f 42//42 45//45 46//46
f 42//42 41//41 45//45
f 43//43 51//51 44//44
f 43//43 50//50 51//51
f 44//44 52//52 45//45
f 44//44 51//51 52//52
f 52//52 2//2 53//53
f 52//52 1//1 2//2
f 45//45 53//53 46//46
f 45//45 52//52 53//53
f 47//47 53//53 54//54
f 47//47 46//46 53//53
f 48//48 54//54 55//55
f 48//48 47//47 54//54
f 49//49 61//61 50//50
f 49//49 60//60 61//61
f 50//50 62//62 51//51
f 50//50 61//61 62//62
f 1//1 63//63 4//4
f 1//1 52//52 63//63
f 3//3 63//63 62//62
f 3//3 4//4 63//63
f 51//51 63//63 52//52
f 51//51 62//62 63//63
f 2//2 5//5 64//64
f 2//2 64//64 53//53
f 64//64 6//6 65//65
f 64//64 5//5 6//6
f 54//54 64//64 65//65
f 54//54 53//53 64//64
f 55//55 65//65 66//66
f 55//55 54//54 65//65
f 56//56 66//66 67//67
f 56//56 55//55 66//66
f 57//57 70//70 58//58
f 57//57 69//69 70//70
f 58//58 71//71 59//59
f 58//58 70//70 71//71
f 59//59 72//72 60//60
f 59//59 71//71 72//72
f 60//60 73//73 61//61
f 60//60 72//72 73//73
f 3//3 74//74 7//7
f 3//3 62//62 74//74
f 62//62 73//73 74//74
f 62//62 61//61 73//73
f 6//6 10//10 75//75
f 6//6 75//75 65//65
f 75//75 11//11 76//76
f 75//75 10//10 11//11
f 66//66 75//75 76//76
f 66//66 65//65 75//75
f 66//66 77//77 67//67
f 66//66 76//76 77//77
f 68//68 77//77 78//78
f 68//68 67//67 77//77
f 70//70 79//79 80//80
f 70//70 69//69 79//79
f 71//71 80//80 81//81
f 71//71 70//70 80//80
f 72//72 81//81 82//82
f 72//72 71//71 81//81
f 72//72 83//83 73//73
f 72//72 82//82 83//83
f 12//12 74//74 84//84
f 12//12 7//7 74//74
f 74//74 83//83 84//84
f 74//74 73//73 83//83
f 11//11 16//16 85//85
f 11//11 85//85 76//76
f 85//85 17//17 86//86
f 85//85 16//16 17//17
f 77//77 85//85 86//86
f 77//77 76//76 85//85
f 77//77 87//87 78//78
f 77//77 86//86 87//87
f 81//81 88//88 89//89
f 81//81 80//80 88//88
f 81//81 90//90 82//82
f 81//81 89//89 90//90
f 83//83 90//90 91//91
f 83//83 82//82 90//90
f 12//12 92//92 18//18
f 12//12 84//84 92//92
f 84//84 91//91 92//92
f 84//84 83//83 91//91
f 17//17 23//23 94//94
f 17//17 94//94 86//86
f 93//93 94//94 23//23
f 93//93 23//23 22//22
f 87//87 94//94 95//95
f 87//87 86//86 94//94
f 89//89 96//96 97//97
f 89//89 88//88 96//96
f 89//89 98//98 90//90
f 89//89 97//97 98//98
f 90//90 99//99 91//91
f 90//90 98//98 99//99
f 18//18 100//100 24//24
f 18//18 92//92 100//100
f 91//91 100//100 92//92
f 91//91 99//99 100//100
f 28//28 102//102 93//93
f 28//28 93//93 22//22
f 101//101 102//102 28//28
f 101//101 28//28 27//27
f 93//93 103//103 94//94
f 93//93 102//102 103//103
f 95//95 103//103 104//104
f 95//95 94//94 103//103
f 98//98 106//106 107//107
f 98//98 97//97 106//106
f 99//99 107//107 108//108
f 99//99 98//98 107//107
f 24//24 109//109 30//30
f 24//24 100//100 109//109
f 29//29 109//109 108//108
f 29//29 30//30 109//109
f 99//99 109//109 100//100
f 99//99 108//108 109//109
f 33//33 110//110 101//101
f 33//33 101//101 27//27
f 101//101 111//111 102//102
f 101//101 110//110 111//111
f 102//102 112//112 103//103
f 102//102 111//111 112//112
f 104//104 112//112 113//113
f 104//104 103//103 112//112
f 105//105 113//113 114//114
f 105//105 104//104 113//113
f 107//107 116//116 117//117
f 107//107 106//106 116//116
f 34//34 108//108 118//118
f 34//34 29//29 108//108
f 107//107 118//118 108//108
f 107//107 117//117 118//118
f 34//34 118//118 119//119
f 34//34 119//119 35//35
f 119//119 120//120 36//36
f 119//119 36//36 35//35
f 38//38 122//122 110//110
f 38//38 110//110 33//33
f 121//121 122//122 38//38
f 121//121 38//38 37//37
f 111//111 122//122 123//123
f 111//111 110//110 122//122
f 111//111 124//124 112//112
f 111//111 123//123 124//124
f 113//113 124//124 125//125
f 113//113 112//112 124//124
f 114//114 125//125 126//126
f 114//114 113//113 125//125
f 115//115 126//126 127//127
f 115//115 114//114 126//126
f 118//118 128//128 129//129
f 118//118 117//117 128//128
f 119//119 129//129 130//130
f 119//119 118//118 129//129
f 39//39 120//120 131//131
f 39//39 36//36 120//120
f 120//120 130//130 131//131
f 120//120 119//119 130//130
f 40//40 132//132 121//121
f 40//40 121//121 37//37
f 131//131 132//132 40//40
f 131//131 40//40 39//39
f 121//121 133//133 122//122
f 121//121 132//132 133//133
f 123//123 133//133 134//134
f 123//123 122//122 133//133
f 123//123 135//135 124//124
f 123//123 134//134 135//135
f 124//124 136//136 125//125
f 124//124 135//135 136//136
f 130//130 138//138 131//131
f 130//130 137//137 138//138
f 131//131 139//139 132//132
f 131//131 138//138 139//139
f 132//132 140//140 133//133
f 132//132 139//139 140//140
f 133//133 141//141 134//134
f 133//133 140//140 141//141
f 142//142 149//149 143//143
f 142//142 148//148 149//149
f 149//149 42//42 150//150
f 149//149 41//41 42//42
f 144//144 149//149 150//150
f 144//144 143//143 149//149
f 145//145 150//150 151//151
f 145//145 144//144 150//150
f 147//147 156//156 157//157
f 147//147 146//146 156//156
f 43//43 158//158 157//157
f 43//43 44//44 158//158
f 147//147 158//158 148//148
f 147//147 157//157 158//158
f 41//41 159//159 45//45
f 41//41 149//149 159//159
f 44//44 159//159 158//158
f 44//44 45//45 159//159
f 148//148 159//159 149//149
f 148//148 158//158 159//159
f 42//42 46//46 160//160
f 42//42 160//160 150//150
f 160//160 47//47 161//161
f 160//160 46//46 47//47
f 151//151 160//160 161//161
f 151//151 150//150 160//160
f 161//161 48//48 162//162
f 161//161 47//47 48//48
f 152//152 161//161 162//162
f 152//152 151//151 161//161
f 154//154 167//167 168//168
f 154//154 153//153 167//167
f 154//154 169//169 155//155
f 154//154 168//168 169//169
f 155//155 170//170 156//156
f 155//155 169//169 170//170
f 43//43 171//171 50//50
f 43//43 157//157 171//171
f 49//49 171//171 170//170
f 49//49 50//50 171//171
f 156//156 171//171 157//157
f 156//156 170//170 171//171
f 48//48 55//55 172//172
f 48//48 172//172 162//162
f 172//172 56//56 173//173
f 172//172 55//55 56//56
f 163//163 172//172 173//173
f 163//163 162//162 172//172
f 163//163 174//174 164//164
f 163//163 173//173 174//174
f 165//165 174//174 175//175
f 165//165 164//164 174//174
f 166//166 178//178 167//167
f 166//166 177//177 178//178
f 57//57 179//179 178//178
f 57//57 58//58 179//179
f 168//168 178//178 179//179
f 168//168 167//167 178//178
f 179//179 59//59 180//180
f 179//179 58//58 59//59
f 168//168 180//180 169//169
f 168//168 179//179 180//180
f 49//49 181//181 60//60
f 49//49 170//170 181//181
f 59//59 181//181 180//180
f 59//59 60//60 181//181
f 170//170 180//180 181//181
f 170//170 169//169 180//180
f 56//56 67//67 182//182
f 56//56 182//182 173//173
f 182//182 68//68 183//183
f 182//182 67//67 68//68
f 174//174 182//182 183//183
f 174//174 173//173 182//182
f 175//175 183//183 184//184
f 175//175 174//174 183//183
f 176//176 184//184 185//185
f 176//176 175//175 184//184
f 57//57 188//188 69//69
f 57//57 178//178 188//188
f 177//177 188//188 178//178
f 177//177 187//187 188//188
f 68//68 78//78 189//189
f 68//68 189//189 183//183
f 183//183 190//190 184//184
f 183//183 189//189 190//190
f 184//184 191//191 185//185
f 184//184 190//190 191//191
f 186//186 193//193 187//187
f 186//186 192//192 193//193
f 79//79 188//188 194//194
f 79//79 69//69 188//188
f 188//188 193//193 194//194
f 188//188 187//187 193//193
f 79//79 194//194 195//195
f 79//79 195//195 80//80
f 78//78 87//87 196//196
f 78//78 196//196 189//189
f 189//189 197//197 190//190
f 189//189 196//196 197//197
f 191//191 197//197 198//198
f 191//191 190//190 197//197
f 193//193 201//201 194//194
f 193//193 200//200 201//201
f 88//88 195//195 202//202
f 88//88 80//80 195//195
f 195//195 201//201 202//202
f 195//195 194//194 201//201
f 87//87 95//95 203//203
f 87//87 203//203 196//196
f 196//196 204//204 197//197
f 196//196 203//203 204//204
f 198//198 204//204 205//205
f 198//198 197//197 204//204
f 199//199 205//205 206//206
f 199//199 198//198 205//205
f 200//200 208//208 201//201
f 200//200 207//207 208//208
f 96//96 202//202 209//209
f 96//96 88//88 202//202
f 202//202 208//208 209//209
f 202//202 201//201 208//208
f 96//96 209//209 210//210
f 96//96 210//210 97//97
f 95//95 104//104 211//211
f 95//95 211//211 203//203
f 211//211 105//105 212//212
f 211//211 104//104 105//105
f 204//204 211//211 212//212
f 204//204 203//203 211//211
f 205//205 212//212 213//213
f 205//205 204//204 212//212
f 209//209 215//215 216//216
f 209//209 208//208 215//215
f 106//106 210//210 217//217
f 106//106 97//97 210//210
f 210//210 216//216 217//217
f 210//210 209//209 216//216
f 105//105 114//114 218//218
f 105//105 218//218 212//212
f 218//218 115//115 219//219
f 218//218 114//114 115//115
f 213//213 218//218 219//219
f 213//213 212//212 218//218
f 213//213 220//220 214//214
f 213//213 219//219 220//220
f 116//116 217//217 222//222
f 116//116 106//106 217//217
f 217//217 221//221 222//222
f 217//217 216//216 221//221
f 116//116 222//222 223//223
f 116//116 223//223 117//117
f 224//224 225//225 126//126
f 224//224 126//126 125//125
f 115//115 127//127 226//226
f 115//115 226//226 219//219
f 225//225 226//226 127//127
f 225//225 127//127 126//126
f 219//219 227//227 220//220
f 219//219 226//226 227//227
f 128//128 223//223 229//229
f 128//128 117//117 223//223
f 223//223 228//228 229//229
f 223//223 222//222 228//228
f 128//128 229//229 230//230
f 128//128 230//230 129//129
f 129//129 230//230 231//231
f 129//129 231//231 130//130
f 134//134 232//232 233//233
f 134//134 233//233 135//135
f 136//136 234//234 224//224
f 136//136 224//224 125//125
f 233//233 234//234 136//136
f 233//233 136//136 135//135
f 224//224 235//235 225//225
f 224//224 234//234 235//235
f 226//226 235//235 236//236
f 226//226 225//225 235//235
f 227//227 236//236 237//237
f 227//227 226//226 236//236
f 130//130 239//239 137//137
f 130//130 231//231 239//239
f 231//231 238//238 239//239
f 231//231 230//230 238//238
f 137//137 239//239 240//240
f 137//137 240//240 138//138
f 138//138 240//240 241//241
f 138//138 241//241 139//139
f 241//241 242//242 140//140
f 241//241 140//140 139//139
f 134//134 141//141 243//243
f 134//134 243//243 232//232
f 242//242 243//243 141//141
f 242//242 141//141 140//140
f 233//233 243//243 244//244
f 233//233 232//232 243//243
f 233//233 245//245 234//234
f 233//233 244//244 245//245
f 235//235 245//245 246//246
f 235//235 234//234 245//245
f 235//235 247//247 236//236
f 235//235 246//246 247//247
f 240//240 248//248 249//249
f 240//240 239//239 248//248
f 240//240 250//250 241//241
f 240//240 249//249 250//250
f 241//241 251//251 242//242
f 241//241 250//250 251//251
f 245//245 252//252 253//253
f 245//245 244//244 252//252
f 245//245 254//254 246//246
f 245//245 253//253 254//254
f 142//142 259//259 258//258
f 142//142 143//143 259//259
f 143//143 260//260 259//259
f 143//143 144//144 260//260
f 260//260 145//145 261//261
f 260//260 144//144 145//145
f 255//255 267//267 256//256
f 255//255 266//266 267//267
f 146//146 268//268 267//267
f 146//146 147//147 268//268
f 257//257 267//267 268//268
f 257//257 256//256 267//267
f 142//142 269//269 148//148
f 142//142 258//258 269//269
f 268//268 148//148 269//269
f 268//268 147//147 148//148
f 257//257 269//269 258//258
f 257//257 268//268 269//269
f 145//145 151//151 270//270
f 145//145 270//270 261//261
f 270//270 152//152 271//271
f 270//270 151//151 152//152
f 262//262 270//270 271//271
f 262//262 261//261 270//270
f 264//264 276//276 277//277
f 264//264 263//263 276//276
f 153//153 278//278 277//277
f 153//153 154//154 278//278
f 264//264 278//278 265//265
f 264//264 277//277 278//278
f 154//154 279//279 278//278
f 154//154 155//155 279//279
f 265//265 279//279 266//266
f 265//265 278//278 279//279
f 146//146 280//280 156//156
f 146//146 267//267 280//280
f 155//155 280//280 279//279
f 155//155 156//156 280//280
f 266//266 280//280 267//267
f 266//266 279//279 280//280
f 152//152 162//162 281//281
f 152//152 281//281 271//271
f 281//281 163//163 282//282
f 281//281 162//162 163//163
f 272//272 281//281 282//282
f 272//272 271//271 281//281
f 163//163 283//283 282//282
f 163//163 164//164 283//283
f 273//273 282//282 283//283
f 273//273 272//272 282//282
f 283//283 165//165 284//284
f 283//283 164//164 165//165
f 274//274 283//283 284//284
f 274//274 273//273 283//283
f 274//274 285//285 275//275
f 274//274 284//284 285//285
f 153//153 289//289 167//167
f 153//153 277//277 289//289
f 166//166 289//289 288//288
f 166//166 167//167 289//289
f 276//276 289//289 277//277
f 276//276 288//288 289//289
f 165//165 175//175 290//290
f 165//165 290//290 284//284
f 290//290 176//176 291//291
f 290//290 175//175 176//176
f 285//285 290//290 291//291
f 285//285 284//284 290//290
f 286//286 291//291 292//292
f 286//286 285//285 291//291
f 166//166 295//295 177//177
f 166//166 288//288 295//295
f 288//288 294//294 295//295
f 288//288 287//287 294//294
f 176//176 185//185 296//296
f 176//176 296//296 291//291
f 292//292 296//296 297//297
f 292//292 291//291 296//296
f 293//293 297//297 298//298
f 293//293 292//292 297//297
f 177//177 302//302 187//187
f 177//177 295//295 302//302
f 186//186 302//302 301//301
f 186//186 187//187 302//302
f 294//294 302//302 295//295
f 294//294 301//301 302//302
f 185//185 191//191 303//303
f 185//185 303//303 296//296
f 296//296 304//304 297//297
f 296//296 303//303 304//304
f 298//298 304//304 305//305
f 298//298 297//297 304//304
f 299//299 305//305 306//306
f 299//299 298//298 305//305
f 192//192 301//301 308//308
f 192//192 186//186 301//301
f 300//300 308//308 301//301
f 300//300 307//307 308//308
f 192//192 308//308 309//309
f 192//192 309//309 193//193
f 191//191 198//198 310//310
f 191//191 310//310 303//303
f 310//310 199//199 311//311
f 310//310 198//198 199//199
f 304//304 310//310 311//311
f 304//304 303//303 310//310
f 304//304 312//312 305//305
f 304//304 311//311 312//312
f 306//306 312//312 313//313
f 306//306 305//305 312//312
f 307//307 316//316 308//308
f 307//307 315//315 316//316
f 200//200 309//309 317//317
f 200//200 193//193 309//309
f 309//309 316//316 317//317
f 309//309 308//308 316//316
f 199//199 206//206 319//319
f 199//199 319//319 311//311
f 318//318 319//319 206//206
f 318//318 206//206 205//205
f 311//311 320//320 312//312
f 311//311 319//319 320//320
f 313//313 320//320 321//321
f 313//313 312//312 320//320
f 314//314 321//321 322//322
f 314//314 313//313 321//321
f 316//316 323//323 324//324
f 316//316 315//315 323//323
f 200//200 325//325 207//207
f 200//200 317//317 325//325
f 317//317 324//324 325//325
f 317//317 316//316 324//324
f 207//207 325//325 326//326
f 207//207 326//326 208//208
f 213//213 327//327 318//318
f 213//213 318//318 205//205
f 327//327 214//214 328//328
f 327//327 213//213 214//214
f 318//318 328//328 319//319
f 318//318 327//327 328//328
f 320//320 328//328 329//329
f 320//320 319//319 328//328
f 320//320 330//330 321//321
f 320//320 329//329 330//330
f 321//321 331//331 322//322
f 321//321 330//330 331//331
f 324//324 332//332 333//333
f 324//324 323//323 332//332
f 324//324 334//334 325//325
f 324//324 333//333 334//334
f 215//215 326//326 335//335
f 215//215 208//208 326//326
f 326//326 334//334 335//335
f 326//326 325//325 334//334
f 215//215 335//335 336//336
f 215//215 336//336 216//216
f 214//214 220//220 337//337
f 214//214 337//337 328//328
f 329//329 337//337 338//338
f 329//329 328//328 337//337
f 329//329 339//339 330//330
f 329//329 338//338 339//339
f 334//334 340//340 341//341
f 334//334 333//333 340//340
f 335//335 341//341 342//342
f 335//335 334//334 341//341
f 221//221 336//336 343//343
f 221//221 216//216 336//336
f 336//336 342//342 343//343
f 336//336 335//335 342//342
f 221//221 343//343 344//344
f 221//221 344//344 222//222
f 220//220 227//227 345//345
f 220//220 345//345 337//337
f 337//337 346//346 338//338
f 337//337 345//345 346//346
f 342//342 348//348 343//343
f 342//342 347//347 348//348
f 228//228 344//344 349//349
f 228//228 222//222 344//344
f 344//344 348//348 349//349
f 344//344 343//343 348//348
f 228//228 349//349 350//350
f 228//228 350//350 229//229
f 229//229 350//350 351//351
f 229//229 351//351 230//230
f 237//237 353//353 345//345
f 237//237 345//345 227//227
f 352//352 353//353 237//237
f 352//352 237//237 236//236
f 349//349 354//354 355//355
f 349//349 348//348 354//354
f 350//350 355//355 356//356
f 350//350 349//349 355//355
f 238//238 351//351 357//357
f 238//238 230//230 351//351
f 351//351 356//356 357//357
f 351//351 350//350 356//356
f 238//238 357//357 358//358
f 238//238 358//358 239//239
f 359//359 360//360 243//243
f 359//359 243//243 242//242
f 243//243 360//360 361//361
f 243//243 361//361 244//244
f 247//247 363//363 352//352
f 247//247 352//352 236//236
f 362//362 363//363 247//247
f 362//362 247//247 246//246
f 352//352 364//364 353//353
f 352//352 363//363 364//364
f 248//248 358//358 365//365
f 248//248 239//239 358//358
f 248//248 365//365 366//366
f 248//248 366//366 249//249
f 366//366 367//367 250//250
f 366//366 250//250 249//249
f 251//251 368//368 359//359
f 251//251 359//359 242//242
f 367//367 368//368 251//251
f 367//367 251//251 250//250
f 359//359 369//369 360//360
f 359//359 368//368 369//369
f 252//252 361//361 370//370
f 252//252 244//244 361//361
f 360//360 370//370 361//361
f 360//360 369//369 370//370
f 252//252 370//370 371//371
f 252//252 371//371 253//253
f 254//254 372//372 362//362
f 254//254 362//362 246//246
f 371//371 372//372 254//254
f 371//371 254//254 253//253
f 362//362 373//373 363//363
f 362//362 372//372 373//373
f 255//255 384//384 383//383
f 255//255 256//256 384//384
f 256//256 385//385 384//384
f 256//256 257//257 385//385
f 257//257 386//386 385//385
f 257//257 258//258 386//386
f 386//386 259//259 387//387
f 386//386 258//258 259//259
f 375//375 386//386 387//387
f 375//375 374//374 386//386
f 259//259 388//388 387//387
f 259//259 260//260 388//388
f 388//388 261//261 389//389
f 388//388 260//260 261//261
f 376//376 389//389 377//377
f 376//376 388//388 389//389
f 389//389 262//262 390//390
f 389//389 261//261 262//262
f 378//378 389//389 390//390
f 378//378 377//377 389//389
f 378//378 391//391 379//379
f 378//378 390//390 391//391
f 380//380 391//391 392//392
f 380//380 379//379 391//391
f 263//263 397//397 396//396
f 263//263 264//264 397//397
f 397//397 265//265 398//398
f 397//397 264//264 265//265
f 381//381 398//398 382//382
f 381//381 397//397 398//398
f 255//255 399//399 266//266
f 255//255 383//383 399//399
f 265//265 399//399 398//398
f 265//265 266//266 399//399
f 382//382 399//399 383//383
f 382//382 398//398 399//399
f 262//262 271//271 400//400
f 262//262 400//400 390//390
f 400//400 272//272 401//401
f 400//400 271//271 272//272
f 391//391 400//400 401//401
f 391//391 390//390 400//400
f 272//272 402//402 401//401
f 272//272 273//273 402//402
f 391//391 402//402 392//392
f 391//391 401//401 402//402
f 273//273 403//403 402//402
f 273//273 274//274 403//403
f 393//393 402//402 403//403
f 393//393 392//392 402//402
f 403//403 275//275 404//404
f 403//403 274//274 275//275
f 394//394 403//403 404//404
f 394//394 393//393 403//403
f 263//263 408//408 276//276
f 263//263 396//396 408//408
f 395//395 408//408 396//396
f 395//395 407//407 408//408
f 275//275 285//285 409//409
f 275//275 409//409 404//404
f 409//409 286//286 410//410
f 409//409 285//285 286//286
f 405//405 409//409 410//410
f 405//405 404//404 409//409
f 405//405 411//411 406//406
f 405//405 410//410 411//411
f 276//276 414//414 288//288
f 276//276 408//408 414//414
f 287//287 414//414 413//413
f 287//287 288//288 414//414
f 407//407 414//414 408//408
f 407//407 413//413 414//414
f 286//286 292//292 415//415
f 286//286 415//415 410//410
f 415//415 293//293 416//416
f 415//415 292//292 293//293
f 411//411 415//415 416//416
f 411//411 410//410 415//415
f 287//287 420//420 294//294
f 287//287 413//413 420//420
f 412//412 420//420 413//413
f 412//412 419//419 420//420
f 293//293 298//298 421//421
f 293//293 421//421 416//416
f 421//421 299//299 422//422
f 421//421 298//298 299//299
f 417//417 421//421 422//422
f 417//417 416//416 421//421
f 418//418 425//425 419//419
f 418//418 424//424 425//425
f 294//294 426//426 301//301
f 294//294 420//420 426//426
f 300//300 426//426 425//425
f 300//300 301//301 426//426
f 419//419 426//426 420//420
f 419//419 425//425 426//426
f 299//299 306//306 427//427
f 299//299 427//427 422//422
f 423//423 427//427 428//428
f 423//423 422//422 427//427
f 300//300 430//430 307//307
f 300//300 425//425 430//430
f 424//424 430//430 425//425
f 424//424 429//429 430//430
f 306//306 313//313 431//431
f 306//306 431//431 427//427
f 431//431 314//314 432//432
f 431//431 313//313 314//314
f 428//428 431//431 432//432
f 428//428 427//427 431//431
f 315//315 430//430 435//435
f 315//315 307//307 430//430
f 430//430 434//434 435//435
f 430//430 429//429 434//434
f 314//314 322//322 436//436
f 314//314 436//436 432//432
f 433//433 436//436 437//437
f 433//433 432//432 436//436
f 315//315 439//439 323//323
f 315//315 435//435 439//439
f 434//434 439//439 435//435
f 434//434 438//438 439//439
f 331//331 441//441 436//436
f 331//331 436//436 322//322
f 440//440 441//441 331//331
f 440//440 331//331 330//330
f 436//436 442//442 437//437
f 436//436 441//441 442//442
f 332//332 439//439 444//444
f 332//332 323//323 439//439
f 439//439 443//443 444//444
f 439//439 438//438 443//443
f 332//332 444//444 445//445
f 332//332 445//445 333//333
f 339//339 447//447 440//440
f 339//339 440//440 330//330
f 446//446 447//447 339//339
f 446//446 339//339 338//338
f 440//440 448//448 441//441
f 440//440 447//447 448//448
f 340//340 445//445 450//450
f 340//340 333//333 445//445
f 445//445 449//449 450//450
f 445//445 444//444 449//449
f 340//340 450//450 451//451
f 340//340 451//451 341//341
f 341//341 451//451 452//452
f 341//341 452//452 342//342
f 346//346 454//454 446//446
f 346//346 446//446 338//338
f 453//453 454//454 346//346
f 453//453 346//346 345//345
f 446//446 455//455 447//447
f 446//446 454//454 455//455
f 451//451 456//456 457//457
f 451//451 450//450 456//456
f 347//347 452//452 458//458
f 347//347 342//342 452//452
f 452//452 457//457 458//458
f 452//452 451//451 457//457
f 347//347 458//458 459//459
f 347//347 459//459 348//348
f 353//353 460//460 453//453
f 353//353 453//453 345//345
f 453//453 461//461 454//454
f 453//453 460//460 461//461
f 354//354 459//459 463//463
f 354//354 348//348 459//459
f 459//459 462//462 463//463
f 459//459 458//458 462//462
f 354//354 463//463 464//464
f 354//354 464//464 355//355
f 355//355 464//464 465//465
f 355//355 465//465 356//356
f 356//356 465//465 466//466
f 356//356 466//466 357//357
f 357//357 466//466 467//467
f 357//357 467//467 358//358
f 364//364 469//469 460//460
f 364//364 460//460 353//353
f 468//468 469//469 364//364
f 468//468 364//364 363//363
f 460//460 470//470 461//461
f 460//460 469//469 470//470
f 464//464 472//472 465//465
f 464//464 471//471 472//472
f 365//365 467//467 474//474
f 365//365 358//358 467//467
f 467//467 473//473 474//474
f 467//467 466//466 473//473
f 474//474 475//475 366//366
f 474//474 366//366 365//365
f 366//366 475//475 476//476
f 366//366 476//476 367//367
f 476//476 477//477 368//368
f 476//476 368//368 367//367
f 477//477 478//478 369//369
f 477//477 369//369 368//368
f 369//369 478//478 479//479
f 369//369 479//479 370//370
f 370//370 479//479 480//480
f 370//370 480//480 371//371
f 371//371 480//480 481//481
f 371//371 481//481 372//372
f 373//373 482//482 468//468
f 373//373 468//468 363//363
f 481//481 482//482 373//373
f 481//481 373//373 372//372
f 468//468 483//483 469//469
f 468//468 482//482 483//483
f 478//478 484//484 485//485
f 478//478 477//477 484//484
f 478//478 486//486 479//479
f 478//478 485//485 486//486
f 480//480 486//486 487//487
f 480//480 479//479 486//486
f 480//480 488//488 481//481
f 480//480 487//487 488//488
f 492//492 375//375 493//493
f 492//492 374//374 375//375
f 376//376 495//495 494//494
f 376//376 377//377 495//495
f 377//377 496//496 495//495
f 377//377 378//378 496//496
f 496//496 379//379 497//497
f 496//496 378//378 379//379
f 497//497 380//380 498//498
f 497//497 379//379 380//380
f 381//381 503//503 502//502
f 381//381 382//382 503//503
f 382//382 504//504 503//503
f 382//382 383//383 504//504
f 504//504 384//384 505//505
f 504//504 383//383 384//384
f 489//489 505//505 490//490
f 489//489 504//504 505//505
f 384//384 506//506 505//505
f 384//384 385//385 506//506
f 490//490 506//506 491//491
f 490//490 505//505 506//506
f 374//374 507//507 386//386
f 374//374 492//492 507//507
f 385//385 507//507 506//506
f 385//385 386//386 507//507
f 491//491 507//507 492//492
f 491//491 506//506 507//507
f 387//387 508//508 493//493
f 387//387 493//493 375//375
f 376//376 509//509 388//388
f 376//376 494//494 509//509
f 387//387 509//509 508//508
f 387//387 388//388 509//509
f 493//493 509//509 494//494
f 493//493 508//508 509//509
f 380//380 392//392 510//510
f 380//380 510//510 498//498
f 510//510 393//393 511//511
f 510//510 392//392 393//393
f 499//499 510//510 511//511
f 499//499 498//498 510//510
f 511//511 394//394 512//512
f 511//511 393//393 394//394
f 395//395 515//515 514//514
f 395//395 396//396 515//515
f 501//501 514//514 515//515
f 501//501 500//500 514//514
f 381//381 516//516 397//397
f 381//381 502//502 516//516
f 396//396 516//516 515//515
f 396//396 397//397 516//516
f 501//501 516//516 502//502
f 501//501 515//515 516//516
f 394//394 404//404 517//517
f 394//394 517//517 512//512
f 517//517 405//405 518//518
f 517//517 404//404 405//405
f 513//513 517//517 518//518
f 513//513 512//512 517//517
f 518//518 406//406 519//519
f 518//518 405//405 406//406
f 395//395 522//522 407//407
f 395//395 514//514 522//522
f 406//406 411//411 523//523
f 406//406 523//523 519//519
f 520//520 523//523 524//524
f 520//520 519//519 523//523
f 407//407 527//527 413//413
f 407//407 522//522 527//527
f 412//412 527//527 526//526
f 412//412 413//413 527//527
f 521//521 527//527 522//522
f 521//521 526//526 527//527
f 411//411 416//416 528//528
f 411//411 528//528 523//523
f 528//528 417//417 529//529
f 528//528 416//416 417//417
f 524//524 528//528 529//529
f 524//524 523//523 528//528
f 412//412 533//533 419//419
f 412//412 526//526 533//533
f 418//418 533//533 532//532
f 418//418 419//419 533//533
f 525//525 533//533 526//526
f 525//525 532//532 533//533
f 417//417 422//422 534//534
f 417//417 534//534 529//529
f 534//534 423//423 535//535
f 534//534 422//422 423//423
f 530//530 534//534 535//535
f 530//530 529//529 534//534
f 418//418 538//538 424//424
f 418//418 532//532 538//538
f 531//531 538//538 532//532
f 531//531 537//537 538//538
f 423//423 428//428 539//539
f 423//423 539//539 535//535
f 536//536 539//539 540//540
f 536//536 535//535 539//539
f 429//429 538//538 542//542
f 429//429 424//424 538//538
f 538//538 541//541 542//542
f 538//538 537//537 541//541
f 428//428 432//432 543//543
f 428//428 543//543 539//539
f 543//543 433//433 544//544
f 543//543 432//432 433//433
f 540//540 543//543 544//544
f 540//540 539//539 543//543
f 429//429 547//547 434//434
f 429//429 542//542 547//547
f 541//541 547//547 542//542
f 541//541 546//546 547//547
f 433//433 437//437 548//548
f 433//433 548//548 544//544
f 544//544 549//549 545//545
f 544//544 548//548 549//549
f 438//438 547//547 551//551
f 438//438 434//434 547//547
f 546//546 551//551 547//547
f 546//546 550//550 551//551
f 442//442 553//553 548//548
f 442//442 548//548 437//437
f 552//552 553//553 442//442
f 552//552 442//442 441//441
f 443//443 551//551 555//555
f 443//443 438//438 551//551
f 551//551 554//554 555//555
f 551//551 550//550 554//554
f 443//443 555//555 556//556
f 443//443 556//556 444//444
f 448//448 558//558 552//552
f 448//448 552//552 441//441
f 557//557 558//558 448//448
f 557//557 448//448 447//447
f 552//552 559//559 553//553
f 552//552 558//558 559//559
f 449//449 556//556 561//561
f 449//449 444//444 556//556
f 556//556 560//560 561//561
f 556//556 555//555 560//560
f 449//449 561//561 562//562
f 449//449 562//562 450//450
f 455//455 564//564 557//557
f 455//455 557//557 447//447
f 563//563 564//564 455//455
f 563//563 455//455 454//454
f 557//557 565//565 558//558
f 557//557 564//564 565//565
f 456//456 562//562 567//567
f 456//456 450//450 562//562
f 562//562 566//566 567//567
f 562//562 561//561 566//566
f 456//456 567//567 568//568
f 456//456 568//568 457//457
f 457//457 568//568 569//569
f 457//457 569//569 458//458
f 461//461 570//570 563//563
f 461//461 563//563 454//454
f 563//563 571//571 564//564
f 563//563 570//570 571//571
f 568//568 572//572 573//573
f 568//568 567//567 572//572
f 462//462 569//569 574//574
f 462//462 458//458 569//569
f 569//569 573//573 574//574
f 569//569 568//568 573//573
f 462//462 574//574 575//575
f 462//462 575//575 463//463
f 463//463 575//575 576//576
f 463//463 576//576 464//464
f 577//577 578//578 466//466
f 577//577 466//466 465//465
f 461//461 470//470 580//580
f 461//461 580//580 570//570
f 579//579 580//580 470//470
f 579//579 470//470 469//469
f 471//471 576//576 582//582
f 471//471 464//464 576//576
f 576//576 581//581 582//582
f 576//576 575//575 581//581
f 472//472 583//583 577//577
f 472//472 577//577 465//465
f 582//582 583//583 472//472
f 582//582 472//472 471//471
f 473//473 578//578 584//584
f 473//473 466//466 578//578
f 577//577 584//584 578//578
f 577//577 583//583 584//584
f 473//473 584//584 585//585
f 473//473 585//585 474//474
f 474//474 585//585 586//586
f 474//474 586//586 475//475
f 475//475 586//586 587//587
f 475//475 587//587 476//476
f 476//476 587//587 588//588
f 476//476 588//588 477//477
f 589//589 590//590 482//482
f 589//589 482//482 481//481
f 483//483 591//591 579//579
f 483//483 579//579 469//469
f 590//590 591//591 483//483
f 590//590 483//483 482//482
f 579//579 592//592 580//580
f 579//579 591//591 592//592
f 585//585 593//593 594//594
f 585//585 584//584 593//593
f 585//585 595//595 586//586
f 585//585 594//594 595//595
f 587//587 595//595 596//596
f 587//587 586//586 595//595
f 484//484 588//588 597//597
f 484//484 477//477 588//588
f 588//588 596//596 597//597
f 588//588 587//587 596//596
f 484//484 597//597 598//598
f 484//484 598//598 485//485
f 598//598 599//599 486//486
f 598//598 486//486 485//485
f 599//599 600//600 487//487
f 599//599 487//487 486//486
f 488//488 601//601 589//589
f 488//488 589//589 481//481
f 600//600 601//601 488//488
f 600//600 488//488 487//487
f 590//590 601//601 602//602
f 590//590 589//589 601//601
f 590//590 603//603 591//591
f 590//590 602//602 603//603
f 489//489 610//610 609//609
f 489//489 490//490 610//610
f 490//490 611//611 610//610
f 490//490 491//491 611//611
f 491//491 612//612 611//611
f 491//491 492//492 612//612
f 492//492 613//613 612//612
f 492//492 493//493 613//613
f 613//613 494//494 614//614
f 613//613 493//493 494//494
f 494//494 615//615 614//614
f 494//494 495//495 615//615
f 495//495 616//616 615//615
f 495//495 496//496 616//616
f 604//604 616//616 605//605
f 604//604 615//615 616//616
f 616//616 497//497 617//617
f 616//616 496//496 497//497
f 606//606 616//616 617//617
f 606//606 605//605 616//616
f 497//497 618//618 617//617
f 497//497 498//498 618//618
f 618//618 499//499 619//619
f 618//618 498//498 499//499
f 620//620 501//501 621//621
f 620//620 500//500 501//501
f 621//621 502//502 622//622
f 621//621 501//501 502//502
f 502//502 623//623 622//622
f 502//502 503//503 623//623
f 607//607 623//623 608//608
f 607//607 622//622 623//623
f 489//489 624//624 504//504
f 489//489 609//609 624//624
f 503//503 624//624 623//623
f 503//503 504//504 624//624
f 609//609 623//623 624//624
f 609//609 608//608 623//623
f 499//499 511//511 625//625
f 499//499 625//625 619//619
f 625//625 512//512 626//626
f 625//625 511//511 512//512
f 626//626 513//513 627//627
f 626//626 512//512 513//513
f 500//500 630//630 514//514
f 500//500 620//620 630//630
f 513//513 518//518 631//631
f 513//513 631//631 627//627
f 631//631 519//519 632//632
f 631//631 518//518 519//519
f 628//628 631//631 632//632
f 628//628 627//627 631//631
f 632//632 520//520 633//633
f 632//632 519//519 520//520
f 514//514 635//635 522//522
f 514//514 630//630 635//635
f 521//521 635//635 634//634
f 521//521 522//522 635//635
f 629//629 635//635 630//630
f 629//629 634//634 635//635
f 524//524 636//636 633//633
f 524//524 633//633 520//520
f 521//521 640//640 526//526
f 521//521 634//634 640//640
f 525//525 640//640 639//639
f 525//525 526//526 640//640
f 524//524 529//529 641//641
f 524//524 641//641 636//636
f 641//641 530//530 642//642
f 641//641 529//529 530//530
f 637//637 641//641 642//642
f 637//637 636//636 641//641
f 525//525 645//645 532//532
f 525//525 639//639 645//645
f 531//531 645//645 644//644
f 531//531 532//532 645//645
f 638//638 645//645 639//639
f 638//638 644//644 645//645
f 530//530 535//535 646//646
f 530//530 646//646 642//642
f 646//646 536//536 647//647
f 646//646 535//535 536//536
f 643//643 646//646 647//647
f 643//643 642//642 646//646
f 531//531 649//649 537//537
f 531//531 644//644 649//649
f 536//536 540//540 650//650
f 536//536 650//650 647//647
f 537//537 653//653 541//541
f 537//537 649//649 653//653
f 648//648 653//653 649//649
f 648//648 652//652 653//653
f 540//540 544//544 654//654
f 540//540 654//654 650//650
f 654//654 545//545 655//655
f 654//654 544//544 545//545
f 651//651 654//654 655//655
f 651//651 650//650 654//654
f 546//546 653//653 657//657
f 546//546 541//541 653//653
f 653//653 656//656 657//657
f 653//653 652//652 656//656
f 545//545 549//549 659//659
f 545//545 659//659 655//655
f 658//658 659//659 549//549
f 658//658 549//549 548//548
f 550//550 657//657 660//660
f 550//550 546//546 657//657
f 553//553 661//661 658//658
f 553//553 658//658 548//548
f 658//658 662//662 659//659
f 658//658 661//661 662//662
f 554//554 660//660 663//663
f 554//554 550//550 660//660
f 554//554 663//663 664//664
f 554//554 664//664 555//555
f 559//559 666//666 661//661
f 559//559 661//661 553//553
f 665//665 666//666 559//559
f 665//665 559//559 558//558
f 661//661 667//667 662//662
f 661//661 666//666 667//667
f 560//560 664//664 669//669
f 560//560 555//555 664//664
f 664//664 668//668 669//669
f 664//664 663//663 668//668
f 560//560 669//669 670//670
f 560//560 670//670 561//561
f 565//565 672//672 665//665
f 565//565 665//665 558//558
f 671//671 672//672 565//565
f 671//671 565//565 564//564
f 665//665 673//673 666//666
f 665//665 672//672 673//673
f 566//566 670//670 675//675
f 566//566 561//561 670//670
f 670//670 674//674 675//675
f 670//670 669//669 674//674
f 566//566 675//675 676//676
f 566//566 676//676 567//567
f 571//571 678//678 671//671
f 571//571 671//671 564//564
f 570//570 677//677 678//678
f 570//570 678//678 571//571
f 671//671 679//679 672//672
f 671//671 678//678 679//679
f 572//572 676//676 681//681
f 572//572 567//567 676//676
f 676//676 680//680 681//681
f 676//676 675//675 680//680
f 572//572 681//681 682//682
f 572//572 682//682 573//573
f 573//573 682//682 683//683
f 573//573 683//683 574//574
f 574//574 683//683 684//684
f 574//574 684//684 575//575
f 580//580 685//685 677//677
f 580//580 677//677 570//570
f 677//677 686//686 678//678
f 677//677 685//685 686//686
f 683//683 687//687 688//688
f 683//683 682//682 687//687
f 581//581 684//684 689//689
f 581//581 575//575 684//684
f 684//684 688//688 689//689
f 684//684 683//683 688//688
f 581//581 689//689 690//690
f 581//581 690//690 582//582
f 582//582 690//690 691//691
f 582//582 691//691 583//583
f 691//691 692//692 584//584
f 691//691 584//584 583//583
f 592//592 694//694 685//685
f 592//592 685//685 580//580
f 693//693 694//694 592//592
f 693//693 592//592 591//591
f 691//691 695//695 696//696
f 691//691 690//690 695//695
f 593//593 692//692 697//697
f 593//593 584//584 692//692
f 691//691 697//697 692//692
f 691//691 696//696 697//697
f 593//593 697//697 698//698
f 593//593 698//698 594//594
f 698//698 699//699 595//595
f 698//698 595//595 594//594
f 595//595 699//699 700//700
f 595//595 700//700 596//596
f 596//596 700//700 701//701
f 596//596 701//701 597//597
f 597//597 701//701 702//702
f 597//597 702//702 598//598
f 702//702 703//703 599//599
f 702//702 599//599 598//598
f 599//599 703//703 704//704
f 599//599 704//704 600//600
f 600//600 704//704 705//705
f 600//600 705//705 601//601
f 601//601 705//705 706//706
f 601//601 706//706 602//602
f 603//603 707//707 693//693
f 603//603 693//693 591//591
f 602//602 706//706 707//707
f 602//602 707//707 603//603
f 704//704 708//708 709//709
f 704//704 703//703 708//708
f 704//704 710//710 705//705
f 704//704 709//709 710//710
f 604//604 712//712 711//711
f 604//604 605//605 712//712
f 712//712 606//606 713//713
f 712//712 605//605 606//606
f 607//607 715//715 714//714
f 607//607 608//608 715//715
f 608//608 716//716 715//715
f 608//608 609//609 716//716
f 716//716 610//610 717//717
f 716//716 609//609 610//610
f 717//717 611//611 718//718
f 717//717 610//610 611//611
f 611//611 719//719 718//718
f 611//611 612//612 719//719
f 719//719 613//613 720//720
f 719//719 612//612 613//613
f 613//613 721//721 720//720
f 613//613 614//614 721//721
f 604//604 722//722 615//615
f 604//604 711//711 722//722
f 614//614 722//722 721//721
f 614//614 615//615 722//722
f 606//606 617//617 723//723
f 606//606 723//723 713//713
f 617//617 724//724 723//723
f 617//617 618//618 724//724
f 724//724 619//619 725//725
f 724//724 618//618 619//619
f 727//727 621//621 728//728
f 727//727 620//620 621//621
f 607//607 729//729 622//622
f 607//607 714//714 729//729
f 728//728 622//622 729//729
f 728//728 621//621 622//622
f 625//625 730//730 725//725
f 625//625 725//725 619//619
f 730//730 626//626 731//731
f 730//730 625//625 626//626
f 726//726 730//730 731//731
f 726//726 725//725 730//730
f 731//731 627//627 732//732
f 731//731 626//626 627//627
f 732//732 628//628 733//733
f 732//732 627//627 628//628
f 630//630 727//727 735//735
f 630//630 620//620 727//727
f 629//629 735//735 734//734
f 629//629 630//630 735//735
f 628//628 632//632 736//736
f 628//628 736//736 733//733
f 632//632 737//737 736//736
f 632//632 633//633 737//737
f 629//629 739//739 634//634
f 629//629 734//734 739//739
f 633//633 636//636 740//740
f 633//633 740//740 737//737
f 740//740 637//637 741//741
f 740//740 636//636 637//637
f 742//742 639//639 743//743
f 742//742 638//638 639//639
f 634//634 744//744 640//640
f 634//634 739//739 744//744
f 639//639 744//744 743//743
f 639//639 640//640 744//744
f 739//739 743//743 744//744
f 739//739 738//738 743//743
f 637//637 642//642 745//745
f 637//637 745//745 741//741
f 745//745 643//643 746//746
f 745//745 642//642 643//643
f 638//638 748//748 644//644
f 638//638 742//742 748//748
f 643//643 647//647 749//749
f 643//643 749//749 746//746
f 644//644 752//752 649//649
f 644//644 748//748 752//752
f 648//648 752//752 751//751
f 648//648 649//649 752//752
f 747//747 752//752 748//748
f 747//747 751//751 752//752
f 647//647 650//650 753//753
f 647//647 753//753 749//749
f 753//753 651//651 754//754
f 753//753 650//650 651//651
f 750//750 753//753 754//754
f 750//750 749//749 753//753
f 652//652 751//751 755//755
f 652//652 648//648 751//751
f 651//651 655//655 756//756
f 651//651 756//756 754//754
f 652//652 757//757 656//656
f 652//652 755//755 757//757
f 656//656 757//757 758//758
f 656//656 758//758 657//657
f 655//655 659//659 759//759
f 655//655 759//759 756//756
f 660//660 758//758 761//761
f 660//660 657//657 758//758
f 758//758 760//760 761//761
f 758//758 757//757 760//760
f 662//662 762//762 759//759
f 662//662 759//759 659//659
f 660//660 764//764 663//663
f 660//660 761//761 764//764
f 760//760 764//764 761//761
f 760//760 763//763 764//764
f 667//667 766//766 762//762
f 667//667 762//762 662//662
f 765//765 766//766 667//667
f 765//765 667//667 666//666
f 668//668 764//764 768//768
f 668//668 663//663 764//764
f 764//764 767//767 768//768
f 764//764 763//763 767//767
f 668//668 768//768 769//769
f 668//668 769//769 669//669
f 673//673 771//771 765//765
f 673//673 765//765 666//666
f 770//770 771//771 673//673
f 770//770 673//673 672//672
f 765//765 772//772 766//766
f 765//765 771//771 772//772
f 674//674 769//769 774//774
f 674//674 669//669 769//769
f 769//769 773//773 774//774
f 769//769 768//768 773//773
f 674//674 774//774 775//775
f 674//674 775//775 675//675
f 679//679 777//777 770//770
f 679//679 770//770 672//672
f 776//776 777//777 679//679
f 776//776 679//679 678//678
f 770//770 778//778 771//771
f 770//770 777//777 778//778
f 680//680 775//775 780//780
f 680//680 675//675 775//775
f 775//775 779//779 780//780
f 775//775 774//774 779//779
f 680//680 780//780 781//781
f 680//680 781//781 681//681
f 681//681 781//781 782//782
f 681//681 782//782 682//682
f 686//686 784//784 776//776
f 686//686 776//776 678//678
f 783//783 784//784 686//686
f 783//783 686//686 685//685
f 776//776 785//785 777//777
f 776//776 784//784 785//785
f 687//687 782//782 787//787
f 687//687 682//682 782//782
f 782//782 786//786 787//787
f 782//782 781//781 786//786
f 687//687 787//787 788//788
f 687//687 788//788 688//688
f 688//688 788//788 789//789
f 688//688 789//789 689//689
f 689//689 789//789 790//790
f 689//689 790//790 690//690
f 694//694 792//792 783//783
f 694//694 783//783 685//685
f 693//693 791//791 792//792
f 693//693 792//792 694//694
f 695//695 790//790 794//794
f 695//695 690//690 790//790
f 790//790 793//793 794//794
f 790//790 789//789 793//793
f 794//794 795//795 696//696
f 794//794 696//696 695//695
f 795//795 796//796 697//697
f 795//795 697//697 696//696
f 697//697 796//796 797//797
f 697//697 797//797 698//698
f 698//698 797//797 798//798
f 698//698 798//798 699//699
f 699//699 798//798 799//799
f 699//699 799//799 700//700
f 799//799 800//800 701//701
f 799//799 701//701 700//700
f 701//701 800//800 801//801
f 701//701 801//801 702//702
f 801//801 802//802 703//703
f 801//801 703//703 702//702
f 705//705 803//803 804//804
f 705//705 804//804 706//706
f 693//693 707//707 805//805
f 693//693 805//805 791//791
f 706//706 804//804 805//805
f 706//706 805//805 707//707
f 796//796 806//806 807//807
f 796//796 795//795 806//806
f 796//796 808//808 797//797
f 796//796 807//807 808//808
f 798//798 808//808 809//809
f 798//798 797//797 808//808
f 799//799 809//809 810//810
f 799//799 798//798 809//809
f 799//799 811//811 800//800
f 799//799 810//810 811//811
f 708//708 802//802 812//812
f 708//708 703//703 802//802
f 708//708 812//812 813//813
f 708//708 813//813 709//709
f 710//710 814//814 803//803
f 710//710 803//803 705//705
f 813//813 814//814 710//710
f 813//813 710//710 709//709
f 711//711 818//818 817//817
f 711//711 712//712 818//818
f 818//818 713//713 819//819
f 818//818 712//712 713//713
f 714//714 822//822 821//821
f 714//714 715//715 822//822
f 715//715 823//823 822//822
f 715//715 716//716 823//823
f 823//823 717//717 824//824
f 823//823 716//716 717//717
f 824//824 718//718 825//825
f 824//824 717//717 718//718
f 718//718 826//826 825//825
f 718//718 719//719 826//826
f 826//826 720//720 827//827
f 826//826 719//719 720//720
f 827//827 721//721 828//828
f 827//827 720//720 721//721
f 815//815 828//828 816//816
f 815//815 827//827 828//828
f 711//711 829//829 722//722
f 711//711 817//817 829//829
f 721//721 829//829 828//828
f 721//721 722//722 829//829
f 816//816 829//829 817//817
f 816//816 828//828 829//829
f 723//723 830//830 819//819
f 723//723 819//819 713//713
f 830//830 724//724 831//831
f 830//830 723//723 724//724
f 820//820 830//830 831//831
f 820//820 819//819 830//830
f 724//724 832//832 831//831
f 724//724 725//725 832//832
f 832//832 726//726 833//833
f 832//832 725//725 726//726
f 835//835 728//728 836//836
f 835//835 727//727 728//728
f 729//729 821//821 837//837
f 729//729 714//714 821//821
f 728//728 837//837 836//836
f 728//728 729//729 837//837
f 726//726 731//731 838//838
f 726//726 838//838 833//833
f 838//838 732//732 839//839
f 838//838 731//731 732//732
f 834//834 838//838 839//839
f 834//834 833//833 838//838
f 732//732 840//840 839//839
f 732//732 733//733 840//840
f 727//727 843//843 735//735
f 727//727 835//835 843//843
f 734//734 843//843 842//842
f 734//734 735//735 843//843
f 736//736 844//844 840//840
f 736//736 840//840 733//733
f 736//736 845//845 844//844
f 736//736 737//737 845//845
f 734//734 848//848 739//739
f 734//734 842//842 848//848
f 738//738 848//848 847//847
f 738//738 739//739 848//848
f 841//841 848//848 842//842
f 841//841 847//847 848//848
f 737//737 740//740 849//849
f 737//737 849//849 845//845
f 849//849 741//741 850//850
f 849//849 740//740 741//741
f 738//738 854//854 743//743
f 738//738 847//847 854//854
f 742//742 854//854 853//853
f 742//742 743//743 854//854
f 846//846 854//854 847//847
f 846//846 853//853 854//854
f 741//741 745//745 855//855
f 741//741 855//855 850//850
f 855//855 746//746 856//856
f 855//855 745//745 746//746
f 851//851 855//855 856//856
f 851//851 850//850 855//855
f 742//742 859//859 748//748
f 742//742 853//853 859//859
f 747//747 859//859 858//858
f 747//747 748//748 859//859
f 852//852 859//859 853//853
f 852//852 858//858 859//859
f 746//746 749//749 860//860
f 746//746 860//860 856//856
f 860//860 750//750 861//861
f 860//860 749//749 750//750
f 857//857 860//860 861//861
f 857//857 856//856 860//860
f 747//747 862//862 751//751
f 747//747 858//858 862//862
f 750//750 754//754 863//863
f 750//750 863//863 861//861
f 755//755 862//862 865//865
f 755//755 751//751 862//862
f 756//756 866//866 863//863
f 756//756 863//863 754//754
f 755//755 869//869 757//757
f 755//755 865//865 869//869
f 865//865 868//868 869//869
f 865//865 864//864 868//868
f 756//756 759//759 870//870
f 756//756 870//870 866//866
f 867//867 870//870 871//871
f 867//867 866//866 870//870
f 760//760 869//869 872//872
f 760//760 757//757 869//869
f 759//759 762//762 873//873
f 759//759 873//873 870//870
f 870//870 874//874 871//871
f 870//870 873//873 874//874
f 763//763 872//872 875//875
f 763//763 760//760 872//872
f 766//766 876//876 873//873
f 766//766 873//873 762//762
f 874//874 876//876 877//877
f 874//874 873//873 876//876
f 767//767 875//875 878//878
f 767//767 763//763 875//875
f 767//767 878//878 879//879
f 767//767 879//879 768//768
f 766//766 772//772 881//881
f 766//766 881//881 876//876
f 880//880 881//881 772//772
f 880//880 772//772 771//771
f 773//773 879//879 882//882
f 773//773 768//768 879//879
f 773//773 882//882 883//883
f 773//773 883//883 774//774
f 778//778 885//885 880//880
f 778//778 880//880 771//771
f 884//884 885//885 778//778
f 884//884 778//778 777//777
f 880//880 886//886 881//881
f 880//880 885//885 886//886
f 779//779 883//883 887//887
f 779//779 774//774 883//883
f 779//779 887//887 888//888
f 779//779 888//888 780//780
f 780//780 888//888 889//889
f 780//780 889//889 781//781
f 890//890 891//891 784//784
f 890//890 784//784 783//783
f 785//785 892//892 884//884
f 785//785 884//884 777//777
f 891//891 892//892 785//785
f 891//891 785//785 784//784
f 786//786 889//889 894//894
f 786//786 781//781 889//889
f 889//889 893//893 894//894
f 889//889 888//888 893//893
f 786//786 894//894 895//895
f 786//786 895//895 787//787
f 787//787 895//895 896//896
f 787//787 896//896 788//788
f 788//788 896//896 897//897
f 788//788 897//897 789//789
f 792//792 899//899 890//890
f 792//792 890//890 783//783
f 791//791 898//898 899//899
f 791//791 899//899 792//792
f 890//890 900//900 891//891
f 890//890 899//899 900//900
f 793//793 897//897 902//902
f 793//793 789//789 897//897
f 897//897 901//901 902//902
f 897//897 896//896 901//901
f 793//793 902//902 903//903
f 793//793 903//903 794//794
f 903//903 904//904 795//795
f 903//903 795//795 794//794
f 905//905 906//906 801//801
f 905//905 801//801 800//800
f 801//801 906//906 907//907
f 801//801 907//907 802//802
f 908//908 909//909 804//804
f 908//908 804//804 803//803
f 805//805 910//910 898//898
f 805//805 898//898 791//791
f 909//909 910//910 805//805
f 909//909 805//805 804//804
f 806//806 904//904 911//911
f 806//806 795//795 904//904
f 806//806 911//911 912//912
f 806//806 912//912 807//807
f 912//912 913//913 808//808
f 912//912 808//808 807//807
f 913//913 914//914 809//809
f 913//913 809//809 808//808
f 809//809 914//914 915//915
f 809//809 915//915 810//810
f 811//811 916//916 905//905
f 811//811 905//905 800//800
f 915//915 916//916 811//811
f 915//915 811//811 810//810
f 905//905 917//917 906//906
f 905//905 916//916 917//917
f 812//812 907//907 918//918
f 812//812 802//802 907//907
f 812//812 918//918 919//919
f 812//812 919//919 813//813
f 803//803 814//814 920//920
f 803//803 920//920 908//908
f 919//919 920//920 814//814
f 919//919 814//814 813//813
f 815//815 924//924 923//923
f 815//815 816//816 924//924
f 924//924 817//817 925//925
f 924//924 816//816 817//817
f 817//817 926//926 925//925
f 817//817 818//818 926//926
f 926//926 819//819 927//927
f 926//926 818//818 819//819
f 927//927 820//820 928//928
f 927//927 819//819 820//820
f 929//929 822//822 930//930
f 929//929 821//821 822//822
f 822//822 931//931 930//930
f 822//822 823//823 931//931
f 823//823 932//932 931//931
f 823//823 824//824 932//932
f 824//824 933//933 932//932
f 824//824 825//825 933//933
f 825//825 934//934 933//933
f 825//825 826//826 934//934
f 921//921 934//934 922//922
f 921//921 933//933 934//934
f 815//815 935//935 827//827
f 815//815 923//923 935//935
f 826//826 935//935 934//934
f 826//826 827//827 935//935
f 923//923 934//934 935//935
f 923//923 922//922 934//934
f 820//820 831//831 936//936
f 820//820 936//936 928//928
f 936//936 832//832 937//937
f 936//936 831//831 832//832
f 937//937 833//833 938//938
f 937//937 832//832 833//833
f 938//938 834//834 939//939
f 938//938 833//833 834//834
f 940//940 836//836 941//941
f 940//940 835//835 836//836
f 837//837 929//929 942//942
f 837//837 821//821 929//929
f 941//941 837//837 942//942
f 941//941 836//836 837//837
f 929//929 930//930 943//943
f 929//929 943//943 942//942
f 834//834 839//839 944//944
f 834//834 944//944 939//939
f 944//944 840//840 945//945
f 944//944 839//839 840//840
f 841//841 948//948 947//947
f 841//841 842//842 948//948
f 835//835 949//949 843//843
f 835//835 940//940 949//949
f 842//842 949//949 948//948
f 842//842 843//843 949//949
f 844//844 950//950 945//945
f 844//844 945//945 840//840
f 844//844 951//951 950//950
f 844//844 845//845 951//951
f 841//841 953//953 847//847
f 841//841 947//947 953//953
f 846//846 953//953 952//952
f 846//846 847//847 953//953
f 946//946 953//953 947//947
f 946//946 952//952 953//953
f 845//845 849//849 954//954
f 845//845 954//954 951//951
f 849//849 955//955 954//954
f 849//849 850//850 955//955
f 850//850 956//956 955//955
f 850//850 851//851 956//956
f 846//846 958//958 853//853
f 846//846 952//952 958//958
f 852//852 958//958 957//957
f 852//852 853//853 958//958
f 851//851 856//856 959//959
f 851//851 959//959 956//956
f 959//959 857//857 960//960
f 959//959 856//856 857//857
f 852//852 961//961 858//858
f 852//852 957//957 961//961
f 857//857 861//861 962//962
f 857//857 962//962 960//960
f 862//862 961//961 964//964
f 862//862 858//858 961//961
f 861//861 863//863 965//965
f 861//861 965//965 962//962
f 963//963 965//965 966//966
f 963//963 962//962 965//965
f 862//862 968//968 865//865
f 862//862 964//964 968//968
f 864//864 968//968 967//967
f 864//864 865//865 968//968
f 863//863 866//866 969//969
f 863//863 969//969 965//965
f 969//969 867//867 970//970
f 969//969 866//866 867//867
f 966//966 969//969 970//970
f 966//966 965//965 969//969
f 864//864 971//971 868//868
f 864//864 967//967 971//971
f 868//868 971//971 972//972
f 868//868 972//972 869//869
f 867//867 871//871 973//973
f 867//867 973//973 970//970
f 872//872 972//972 975//975
f 872//872 869//869 972//972
f 972//972 974//974 975//975
f 972//972 971//971 974//974
f 874//874 976//976 973//973
f 874//874 973//973 871//871
f 872//872 977//977 875//875
f 872//872 975//975 977//977
f 877//877 979//979 976//976
f 877//877 976//976 874//874
f 978//978 979//979 877//877
f 978//978 877//877 876//876
f 878//878 977//977 980//980
f 878//878 875//875 977//977
f 878//878 980//980 981//981
f 878//878 981//981 879//879
f 881//881 982//982 978//978
f 881//881 978//978 876//876
f 978//978 983//983 979//979
f 978//978 982//982 983//983
f 882//882 981//981 985//985
f 882//882 879//879 981//981
f 981//981 984//984 985//985
f 981//981 980//980 984//984
f 882//882 985//985 986//986
f 882//882 986//986 883//883
f 884//884 987//987 988//988
f 884//884 988//988 885//885
f 886//886 989//989 982//982
f 886//886 982//982 881//881
f 988//988 989//989 886//886
f 988//988 886//886 885//885
f 887//887 986//986 991//991
f 887//887 883//883 986//986
f 986//986 990//990 991//991
f 986//986 985//985 990//990
f 887//887 991//991 992//992
f 887//887 992//992 888//888
f 892//892 994//994 987//987
f 892//892 987//987 884//884
f 993//993 994//994 892//892
f 993//993 892//892 891//891
f 987//987 995//995 988//988
f 987//987 994//994 995//995
f 988//988 996//996 989//989
f 988//988 995//995 996//996
f 893//893 992//992 998//998
f 893//893 888//888 992//992
f 992//992 997//997 998//998
f 992//992 991//991 997//997
f 893//893 998//998 999//999
f 893//893 999//999 894//894
f 894//894 999//999 1000//1000
f 894//894 1000//1000 895//895
f 895//895 1000//1000 1001//1001
f 895//895 1001//1001 896//896
f 898//898 1002//1002 1003//1003
f 898//898 1003//1003 899//899
f 900//900 1004//1004 993//993
f 900//900 993//993 891//891
f 1003//1003 1004//1004 900//900
f 1003//1003 900//900 899//899
f 994//994 1004//1004 1005//1005
f 994//994 993//993 1004//1004
f 994//994 1006//1006 995//995
f 994//994 1005//1005 1006//1006
f 999//999 1008//1008 1000//1000
f 999//999 1007//1007 1008//1008
f 901//901 1001//1001 1009//1009
f 901//901 896//896 1001//1001
f 1001//1001 1008//1008 1009//1009
f 1001//1001 1000//1000 1008//1008
f 901//901 1009//1009 1010//1010
f 901//901 1010//1010 902//902
f 902//902 1010//1010 1011//1011
f 902//902 1011//1011 903//903
f 1011//1011 1012//1012 904//904
f 1011//1011 904//904 903//903
f 1015//1015 1016//1016 907//907
f 1015//1015 907//907 906//906
f 1017//1017 1018//1018 909//909
f 1017//1017 909//909 908//908
f 898//898 910//910 1019//1019
f 898//898 1019//1019 1002//1002
f 1018//1018 1019//1019 910//910
f 1018//1018 910//910 909//909
f 904//904 1020//1020 911//911
f 904//904 1012//1012 1020//1020
f 911//911 1020//1020 1021//1021
f 911//911 1021//1021 912//912
f 1021//1021 1022//1022 913//913
f 1021//1021 913//913 912//912
f 913//913 1022//1022 1023//1023
f 913//913 1023//1023 914//914
f 1023//1023 1024//1024 915//915
f 1023//1023 915//915 914//914
f 1013//1013 1014//1014 1024//1024
f 1013//1013 1024//1024 1023//1023
f 1024//1024 1025//1025 916//916
f 1024//1024 916//916 915//915
f 917//917 1026//1026 1015//1015
f 917//917 1015//1015 906//906
f 1025//1025 1026//1026 917//917
f 1025//1025 917//917 916//916
f 918//918 1016//1016 1027//1027
f 918//918 907//907 1016//1016
f 1016//1016 1026//1026 1027//1027
f 1016//1016 1015//1015 1026//1026
f 918//918 1027//1027 1028//1028
f 918//918 1028//1028 919//919
f 908//908 920//920 1029//1029
f 908//908 1029//1029 1017//1017
f 919//919 1028//1028 1029//1029
f 919//919 1029//1029 920//920
f 1030//1030 922//922 1031//1031
f 1030//1030 921//921 922//922
f 1031//1031 923//923 1032//1032
f 1031//1031 922//922 923//923
f 923//923 1033//1033 1032//1032
f 923//923 924//924 1033//1033
f 924//924 1034//1034 1033//1033
f 924//924 925//925 1034//1034
f 925//925 1035//1035 1034//1034
f 925//925 926//926 1035//1035
f 926//926 1036//1036 1035//1035
f 926//926 927//927 1036//1036
f 1036//1036 928//928 1037//1037
f 1036//1036 927//927 928//928
f 1038//1038 931//931 1039//1039
f 1038//1038 930//930 931//931
f 931//931 1040//1040 1039//1039
f 931//931 932//932 1040//1040
f 921//921 1041//1041 933//933
f 921//921 1030//1030 1041//1041
f 1040//1040 933//933 1041//1041
f 1040//1040 932//932 933//933
f 936//936 1042//1042 1037//1037
f 936//936 1037//1037 928//928
f 1042//1042 937//937 1043//1043
f 1042//1042 936//936 937//937
f 1043//1043 938//938 1044//1044
f 1043//1043 937//937 938//938
f 938//938 1045//1045 1044//1044
f 938//938 939//939 1045//1045
f 940//940 1047//1047 1046//1046
f 940//940 941//941 1047//1047
f 1047//1047 942//942 1048//1048
f 1047//1047 941//941 942//942
f 943//943 1038//1038 1049//1049
f 943//943 930//930 1038//1038
f 1048//1048 943//943 1049//1049
f 1048//1048 942//942 943//943
f 1038//1038 1039//1039 1050//1050
f 1038//1038 1050//1050 1049//1049
f 939//939 944//944 1051//1051
f 939//939 1051//1051 1045//1045
f 944//944 1052//1052 1051//1051
f 944//944 945//945 1052//1052
f 946//946 1054//1054 1053//1053
f 946//946 947//947 1054//1054
f 947//947 1055//1055 1054//1054
f 947//947 948//948 1055//1055
f 940//940 1056//1056 949//949
f 940//940 1046//1046 1056//1056
f 1055//1055 949//949 1056//1056
f 1055//1055 948//948 949//949
f 945//945 950//950 1057//1057
f 945//945 1057//1057 1052//1052
f 950//950 1058//1058 1057//1057
f 950//950 951//951 1058//1058
f 946//946 1059//1059 952//952
f 946//946 1053//1053 1059//1059
f 1054//1054 1060//1060 1059//1059
f 1054//1054 1059//1059 1053//1053
f 951//951 954//954 1061//1061
f 951//951 1061//1061 1058//1058
f 954//954 1062//1062 1061//1061
f 954//954 955//955 1062//1062
f 1062//1062 956//956 1063//1063
f 1062//1062 955//955 956//956
f 952//952 1065//1065 958//958
f 952//952 1059//1059 1065//1065
f 957//957 1065//1065 1064//1064
f 957//957 958//958 1065//1065
f 956//956 959//959 1066//1066
f 956//956 1066//1066 1063//1063
f 1066//1066 960//960 1067//1067
f 1066//1066 959//959 960//960
f 957//957 1068//1068 961//961
f 957//957 1064//1064 1068//1068
f 960//960 962//962 1069//1069
f 960//960 1069//1069 1067//1067
f 1069//1069 963//963 1070//1070
f 1069//1069 962//962 963//963
f 964//964 1068//1068 1072//1072
f 964//964 961//961 1068//1068
f 963//963 966//966 1073//1073
f 963//963 1073//1073 1070//1070
f 964//964 1075//1075 968//968
f 964//964 1072//1072 1075//1075
f 1074//1074 968//968 1075//1075
f 1074//1074 967//967 968//968
f 1071//1071 1075//1075 1072//1072
f 1071//1071 1074//1074 1075//1075
f 966//966 970//970 1076//1076
f 966//966 1076//1076 1073//1073
f 967//967 1077//1077 971//971
f 967//967 1074//1074 1077//1077
f 973//973 1078//1078 1076//1076
f 973//973 1076//1076 970//970
f 974//974 1077//1077 1079//1079
f 974//974 971//971 1077//1077
f 974//974 1079//1079 1080//1080
f 974//974 1080//1080 975//975
f 973//973 976//976 1081//1081
f 973//973 1081//1081 1078//1078
f 977//977 1080//1080 1082//1082
f 977//977 975//975 1080//1080
f 979//979 1083//1083 1081//1081
f 979//979 1081//1081 976//976
f 977//977 1084//1084 980//980
f 977//977 1082//1082 1084//1084
f 983//983 1086//1086 1083//1083
f 983//983 1083//1083 979//979
f 1085//1085 1086//1086 983//983
f 1085//1085 983//983 982//982
f 984//984 1084//1084 1087//1087
f 984//984 980//980 1084//1084
f 984//984 1087//1087 1088//1088
f 984//984 1088//1088 985//985
f 989//989 1089//1089 1085//1085
f 989//989 1085//1085 982//982
f 1085//1085 1090//1090 1086//1086
f 1085//1085 1089//1089 1090//1090
f 990//990 1088//1088 1091//1091
f 990//990 985//985 1088//1088
f 990//990 1091//1091 1092//1092
f 990//990 1092//1092 991//991
f 996//996 1094//1094 1089//1089
f 996//996 1089//1089 989//989
f 995//995 1093//1093 1094//1094
f 995//995 1094//1094 996//996
f 997//997 1092//1092 1096//1096
f 997//997 991//991 1092//1092
f 1092//1092 1095//1095 1096//1096
f 1092//1092 1091//1091 1095//1095
f 997//997 1096//1096 1097//1097
f 997//997 1097//1097 998//998
f 998//998 1097//1097 1098//1098
f 998//998 1098//1098 999//999
f 1099//1099 1100//1100 1003//1003
f 1099//1099 1003//1003 1002//1002
f 1100//1100 1101//1101 1004//1004
f 1100//1100 1004//1004 1003//1003
f 1101//1101 1102//1102 1005//1005
f 1101//1101 1005//1005 1004//1004
f 995//995 1006//1006 1103//1103
f 995//995 1103//1103 1093//1093
f 1102//1102 1103//1103 1006//1006
f 1102//1102 1006//1006 1005//1005
f 999//999 1104//1104 1007//1007
f 999//999 1098//1098 1104//1104
f 1104//1104 1105//1105 1008//1008
f 1104//1104 1008//1008 1007//1007
f 1105//1105 1106//1106 1009//1009
f 1105//1105 1009//1009 1008//1008
f 1009//1009 1106//1106 1107//1107
f 1009//1009 1107//1107 1010//1010
f 1010//1010 1107//1107 1108//1108
f 1010//1010 1108//1108 1011//1011
f 1108//1108 1109//1109 1012//1012
f 1108//1108 1012//1012 1011//1011
f 1013//1013 1110//1110 1111//1111
f 1013//1013 1111//1111 1014//1014
f 1017//1017 1112//1112 1113//1113
f 1017//1017 1113//1113 1018//1018
f 1019//1019 1114//1114 1099//1099
f 1019//1019 1099//1099 1002//1002
f 1018//1018 1113//1113 1114//1114
f 1018//1018 1114//1114 1019//1019
f 1020//1020 1109//1109 1115//1115
f 1020//1020 1012//1012 1109//1109
f 1020//1020 1115//1115 1116//1116
f 1020//1020 1116//1116 1021//1021
f 1116//1116 1117//1117 1022//1022
f 1116//1116 1022//1022 1021//1021
f 1013//1013 1023//1023 1118//1118
f 1013//1013 1118//1118 1110//1110
f 1022//1022 1117//1117 1118//1118
f 1022//1022 1118//1118 1023//1023
f 1014//1014 1119//1119 1024//1024
f 1014//1014 1111//1111 1119//1119
f 1111//1111 1118//1118 1119//1119
f 1111//1111 1110//1110 1118//1118
f 1119//1119 1120//1120 1025//1025
f 1119//1119 1025//1025 1024//1024
f 1120//1120 1121//1121 1026//1026
f 1120//1120 1026//1026 1025//1025
f 1026//1026 1121//1121 1122//1122
f 1026//1026 1122//1122 1027//1027
f 1027//1027 1122//1122 1123//1123
f 1027//1027 1123//1123 1028//1028
f 1017//1017 1029//1029 1124//1124
f 1017//1017 1124//1124 1112//1112
f 1028//1028 1123//1123 1124//1124
f 1028//1028 1124//1124 1029//1029
f 1125//1125 1031//1031 1126//1126
f 1125//1125 1030//1030 1031//1031
f 1031//1031 1127//1127 1126//1126
f 1031//1031 1032//1032 1127//1127
f 1032//1032 1128//1128 1127//1127
f 1032//1032 1033//1033 1128//1128
f 1033//1033 1129//1129 1128//1128
f 1033//1033 1034//1034 1129//1129
f 1129//1129 1035//1035 1130//1130
f 1129//1129 1034//1034 1035//1035
f 1035//1035 1131//1131 1130//1130
f 1035//1035 1036//1036 1131//1131
f 1036//1036 1132//1132 1131//1131
f 1036//1036 1037//1037 1132//1132
f 1039//1039 1135//1135 1134//1134
f 1039//1039 1040//1040 1135//1135
f 1030//1030 1136//1136 1041//1041
f 1030//1030 1125//1125 1136//1136
f 1040//1040 1136//1136 1135//1135
f 1040//1040 1041//1041 1136//1136
f 1042//1042 1137//1137 1132//1132
f 1042//1042 1132//1132 1037//1037
f 1137//1137 1043//1043 1138//1138
f 1137//1137 1042//1042 1043//1043
f 1138//1138 1044//1044 1139//1139
f 1138//1138 1043//1043 1044//1044
f 1044//1044 1140//1140 1139//1139
f 1044//1044 1045//1045 1140//1140
f 1046//1046 1142//1142 1141//1141
f 1046//1046 1047//1047 1142//1142
f 1047//1047 1143//1143 1142//1142
f 1047//1047 1048//1048 1143//1143
f 1048//1048 1144//1144 1143//1143
f 1048//1048 1049//1049 1144//1144
f 1039//1039 1145//1145 1050//1050
f 1039//1039 1134//1134 1145//1145
f 1144//1144 1050//1050 1145//1145
f 1144//1144 1049//1049 1050//1050
f 1133//1133 1145//1145 1134//1134
f 1133//1133 1144//1144 1145//1145
f 1051//1051 1146//1146 1140//1140
f 1051//1051 1140//1140 1045//1045
f 1146//1146 1052//1052 1147//1147
f 1146//1146 1051//1051 1052//1052
f 1148//1148 1055//1055 1149//1149
f 1148//1148 1054//1054 1055//1055
f 1046//1046 1150//1150 1056//1056
f 1046//1046 1141//1141 1150//1150
f 1149//1149 1056//1056 1150//1150
f 1149//1149 1055//1055 1056//1056
f 1057//1057 1151//1151 1147//1147
f 1057//1057 1147//1147 1052//1052
f 1151//1151 1058//1058 1152//1152
f 1151//1151 1057//1057 1058//1058
f 1060//1060 1148//1148 1154//1154
f 1060//1060 1054//1054 1148//1148
f 1153//1153 1060//1060 1154//1154
f 1153//1153 1059//1059 1060//1060
f 1061//1061 1155//1155 1152//1152
f 1061//1061 1152//1152 1058//1058
f 1061//1061 1156//1156 1155//1155
f 1061//1061 1062//1062 1156//1156
f 1156//1156 1063//1063 1157//1157
f 1156//1156 1062//1062 1063//1063
f 1065//1065 1153//1153 1159//1159
f 1065//1065 1059//1059 1153//1153
f 1064//1064 1159//1159 1158//1158
f 1064//1064 1065//1065 1159//1159
f 1066//1066 1160//1160 1157//1157
f 1066//1066 1157//1157 1063//1063
f 1160//1160 1067//1067 1161//1161
f 1160//1160 1066//1066 1067//1067
f 1068//1068 1158//1158 1162//1162
f 1068//1068 1064//1064 1158//1158
f 1069//1069 1163//1163 1161//1161
f 1069//1069 1161//1161 1067//1067
f 1163//1163 1070//1070 1164//1164
f 1163//1163 1069//1069 1070//1070
f 1072//1072 1162//1162 1166//1166
f 1072//1072 1068//1068 1162//1162
f 1165//1165 1072//1072 1166//1166
f 1165//1165 1071//1071 1072//1072
f 1070//1070 1073//1073 1167//1167
f 1070//1070 1167//1167 1164//1164
f 1071//1071 1168//1168 1074//1074
f 1071//1071 1165//1165 1168//1168
f 1073//1073 1076//1076 1169//1169
f 1073//1073 1169//1169 1167//1167
f 1074//1074 1170//1170 1077//1077
f 1074//1074 1168//1168 1170//1170
f 1076//1076 1078//1078 1171//1171
f 1076//1076 1171//1171 1169//1169
f 1079//1079 1170//1170 1172//1172
f 1079//1079 1077//1077 1170//1170
f 1079//1079 1172//1172 1173//1173
f 1079//1079 1173//1173 1080//1080
f 1078//1078 1081//1081 1174//1174
f 1078//1078 1174//1174 1171//1171
f 1082//1082 1173//1173 1175//1175
f 1082//1082 1080//1080 1173//1173
f 1083//1083 1176//1176 1174//1174
f 1083//1083 1174//1174 1081//1081
f 1082//1082 1177//1177 1084//1084
f 1082//1082 1175//1175 1177//1177
f 1083//1083 1086//1086 1179//1179
f 1083//1083 1179//1179 1176//1176
f 1087//1087 1177//1177 1180//1180
f 1087//1087 1084//1084 1177//1177
f 1180//1180 1181//1181 1088//1088
f 1180//1180 1088//1088 1087//1087
f 1090//1090 1183//1183 1179//1179
f 1090//1090 1179//1179 1086//1086
f 1089//1089 1182//1182 1183//1183
f 1089//1089 1183//1183 1090//1090
f 1178//1178 1179//1179 1183//1183
f 1178//1178 1183//1183 1182//1182
f 1091//1091 1181//1181 1184//1184
f 1091//1091 1088//1088 1181//1181
f 1089//1089 1094//1094 1186//1186
f 1089//1089 1186//1186 1182//1182
f 1185//1185 1186//1186 1094//1094
f 1185//1185 1094//1094 1093//1093
f 1095//1095 1184//1184 1187//1187
f 1095//1095 1091//1091 1184//1184
f 1095//1095 1187//1187 1188//1188
f 1095//1095 1188//1188 1096//1096
f 1096//1096 1188//1188 1189//1189
f 1096//1096 1189//1189 1097//1097
f 1189//1189 1190//1190 1098//1098
f 1189//1189 1098//1098 1097//1097
f 1099//1099 1192//1192 1193//1193
f 1099//1099 1193//1193 1100//1100
f 1100//1100 1193//1193 1194//1194
f 1100//1100 1194//1194 1101//1101
f 1194//1194 1195//1195 1102//1102
f 1194//1194 1102//1102 1101//1101
f 1103//1103 1196//1196 1185//1185
f 1103//1103 1185//1185 1093//1093
f 1195//1195 1196//1196 1103//1103
f 1195//1195 1103//1103 1102//1102
f 1098//1098 1197//1197 1104//1104
f 1098//1098 1190//1190 1197//1197
f 1197//1197 1198//1198 1105//1105
f 1197//1197 1105//1105 1104//1104
f 1191//1191 1198//1198 1197//1197
f 1191//1191 1197//1197 1190//1190
f 1105//1105 1198//1198 1199//1199
f 1105//1105 1199//1199 1106//1106
f 1106//1106 1199//1199 1200//1200
f 1106//1106 1200//1200 1107//1107
f 1200//1200 1201//1201 1108//1108
f 1200//1200 1108//1108 1107//1107
f 1108//1108 1201//1201 1202//1202
f 1108//1108 1202//1202 1109//1109
f 1112//1112 1204//1204 1205//1205
f 1112//1112 1205//1205 1113//1113
f 1114//1114 1206//1206 1192//1192
f 1114//1114 1192//1192 1099//1099
f 1113//1113 1205//1205 1206//1206
f 1113//1113 1206//1206 1114//1114
f 1109//1109 1207//1207 1115//1115
f 1109//1109 1202//1202 1207//1207
f 1115//1115 1207//1207 1208//1208
f 1115//1115 1208//1208 1116//1116
f 1208//1208 1209//1209 1117//1117
f 1208//1208 1117//1117 1116//1116
f 1209//1209 1210//1210 1118//1118
f 1209//1209 1118//1118 1117//1117
f 1118//1118 1210//1210 1211//1211
f 1118//1118 1211//1211 1119//1119
f 1119//1119 1211//1211 1212//1212
f 1119//1119 1212//1212 1120//1120
f 1120//1120 1212//1212 1213//1213
f 1120//1120 1213//1213 1121//1121
f 1121//1121 1213//1213 1214//1214
f 1121//1121 1214//1214 1122//1122
f 1122//1122 1214//1214 1215//1215
f 1122//1122 1215//1215 1123//1123
f 1112//1112 1124//1124 1216//1216
f 1112//1112 1216//1216 1204//1204
f 1123//1123 1215//1215 1216//1216
f 1123//1123 1216//1216 1124//1124
f 1203//1203 1204//1204 1216//1216
f 1203//1203 1216//1216 1215//1215
f 1125//1125 1219//1219 1218//1218
f 1125//1125 1126//1126 1219//1219
f 1219//1219 1127//1127 1220//1220
f 1219//1219 1126//1126 1127//1127
f 1220//1220 1128//1128 1221//1221
f 1220//1220 1127//1127 1128//1128
f 1128//1128 1222//1222 1221//1221
f 1128//1128 1129//1129 1222//1222
f 1129//1129 1223//1223 1222//1222
f 1129//1129 1130//1130 1223//1223
f 1223//1223 1131//1131 1224//1224
f 1223//1223 1130//1130 1131//1131
f 1224//1224 1132//1132 1225//1225
f 1224//1224 1131//1131 1132//1132
f 1133//1133 1228//1228 1227//1227
f 1133//1133 1134//1134 1228//1228
f 1228//1228 1135//1135 1229//1229
f 1228//1228 1134//1134 1135//1135
f 1125//1125 1230//1230 1136//1136
f 1125//1125 1218//1218 1230//1230
f 1135//1135 1230//1230 1229//1229
f 1135//1135 1136//1136 1230//1230
f 1217//1217 1230//1230 1218//1218
f 1217//1217 1229//1229 1230//1230
f 1132//1132 1137//1137 1231//1231
f 1132//1132 1231//1231 1225//1225
f 1231//1231 1138//1138 1232//1232
f 1231//1231 1137//1137 1138//1138
f 1226//1226 1231//1231 1232//1232
f 1226//1226 1225//1225 1231//1231
f 1232//1232 1139//1139 1233//1233
f 1232//1232 1138//1138 1139//1139
f 1139//1139 1234//1234 1233//1233
f 1139//1139 1140//1140 1234//1234
f 1235//1235 1142//1142 1236//1236
f 1235//1235 1141//1141 1142//1142
f 1142//1142 1237//1237 1236//1236
f 1142//1142 1143//1143 1237//1237
f 1133//1133 1238//1238 1144//1144
f 1133//1133 1227//1227 1238//1238
f 1237//1237 1144//1144 1238//1238
f 1237//1237 1143//1143 1144//1144
f 1140//1140 1146//1146 1239//1239
f 1140//1140 1239//1239 1234//1234
f 1146//1146 1240//1240 1239//1239
f 1146//1146 1147//1147 1240//1240
f 1148//1148 1242//1242 1241//1241
f 1148//1148 1149//1149 1242//1242
f 1141//1141 1243//1243 1150//1150
f 1141//1141 1235//1235 1243//1243
f 1149//1149 1243//1243 1242//1242
f 1149//1149 1150//1150 1243//1243
f 1151//1151 1244//1244 1240//1240
f 1151//1151 1240//1240 1147//1147
f 1244//1244 1152//1152 1245//1245
f 1244//1244 1151//1151 1152//1152
f 1148//1148 1247//1247 1154//1154
f 1148//1148 1241//1241 1247//1247
f 1246//1246 1154//1154 1247//1247
f 1246//1246 1153//1153 1154//1154
f 1152//1152 1155//1155 1248//1248
f 1152//1152 1248//1248 1245//1245
f 1155//1155 1249//1249 1248//1248
f 1155//1155 1156//1156 1249//1249
f 1249//1249 1157//1157 1250//1250
f 1249//1249 1156//1156 1157//1157
f 1159//1159 1246//1246 1252//1252
f 1159//1159 1153//1153 1246//1246
f 1158//1158 1252//1252 1251//1251
f 1158//1158 1159//1159 1252//1252
f 1160//1160 1253//1253 1250//1250
f 1160//1160 1250//1250 1157//1157
f 1160//1160 1254//1254 1253//1253
f 1160//1160 1161//1161 1254//1254
f 1158//1158 1255//1255 1162//1162
f 1158//1158 1251//1251 1255//1255
f 1163//1163 1256//1256 1254//1254
f 1163//1163 1254//1254 1161//1161
f 1163//1163 1257//1257 1256//1256
f 1163//1163 1164//1164 1257//1257
f 1166//1166 1255//1255 1259//1259
f 1166//1166 1162//1162 1255//1255
f 1258//1258 1166//1166 1259//1259
f 1258//1258 1165//1165 1166//1166
f 1167//1167 1261//1261 1257//1257
f 1167//1167 1257//1257 1164//1164
f 1257//1257 1261//1261 1260//1260
f 1257//1257 1260//1260 1256//1256
f 1165//1165 1262//1262 1168//1168
f 1165//1165 1258//1258 1262//1262
f 1258//1258 1259//1259 1263//1263
f 1258//1258 1263//1263 1262//1262
f 1169//1169 1264//1264 1261//1261
f 1169//1169 1261//1261 1167//1167
f 1170//1170 1262//1262 1265//1265
f 1170//1170 1168//1168 1262//1262
f 1262//1262 1263//1263 1266//1266
f 1262//1262 1266//1266 1265//1265
f 1169//1169 1171//1171 1267//1267
f 1169//1169 1267//1267 1264//1264
f 1172//1172 1265//1265 1268//1268
f 1172//1172 1170//1170 1265//1265
f 1268//1268 1269//1269 1173//1173
f 1268//1268 1173//1173 1172//1172
f 1266//1266 1269//1269 1268//1268
f 1266//1266 1268//1268 1265//1265
f 1171//1171 1174//1174 1270//1270
f 1171//1171 1270//1270 1267//1267
f 1173//1173 1271//1271 1175//1175
f 1173//1173 1269//1269 1271//1271
f 1174//1174 1176//1176 1273//1273
f 1174//1174 1273//1273 1270//1270
f 1177//1177 1271//1271 1274//1274
f 1177//1177 1175//1175 1271//1271
f 1176//1176 1179//1179 1276//1276
f 1176//1176 1276//1276 1273//1273
f 1178//1178 1275//1275 1276//1276
f 1178//1178 1276//1276 1179//1179
f 1272//1272 1273//1273 1276//1276
f 1272//1272 1276//1276 1275//1275
f 1177//1177 1277//1277 1180//1180
f 1177//1177 1274//1274 1277//1277
f 1180//1180 1277//1277 1278//1278
f 1180//1180 1278//1278 1181//1181
f 1178//1178 1182//1182 1279//1279
f 1178//1178 1279//1279 1275//1275
f 1181//1181 1280//1280 1184//1184
f 1181//1181 1278//1278 1280//1280
f 1182//1182 1186//1186 1283//1283
f 1182//1182 1283//1283 1279//1279
f 1282//1282 1283//1283 1186//1186
f 1282//1282 1186//1186 1185//1185
f 1184//1184 1284//1284 1187//1187
f 1184//1184 1280//1280 1284//1284
f 1284//1284 1285//1285 1188//1188
f 1284//1284 1188//1188 1187//1187
f 1281//1281 1285//1285 1284//1284
f 1281//1281 1284//1284 1280//1280
f 1285//1285 1286//1286 1189//1189
f 1285//1285 1189//1189 1188//1188
f 1189//1189 1286//1286 1287//1287
f 1189//1189 1287//1287 1190//1190
f 1287//1287 1288//1288 1191//1191
f 1287//1287 1191//1191 1190//1190
f 1289//1289 1290//1290 1193//1193
f 1289//1289 1193//1193 1192//1192
f 1290//1290 1291//1291 1194//1194
f 1290//1290 1194//1194 1193//1193
f 1194//1194 1291//1291 1292//1292
f 1194//1194 1292//1292 1195//1195
f 1196//1196 1293//1293 1282//1282
f 1196//1196 1282//1282 1185//1185
f 1195//1195 1292//1292 1293//1293
f 1195//1195 1293//1293 1196//1196
f 1191//1191 1295//1295 1198//1198
f 1191//1191 1288//1288 1295//1295
f 1288//1288 1294//1294 1295//1295
f 1288//1288 1287//1287 1294//1294
f 1295//1295 1296//1296 1199//1199
f 1295//1295 1199//1199 1198//1198
f 1296//1296 1297//1297 1200//1200
f 1296//1296 1200//1200 1199//1199
f 1200//1200 1297//1297 1298//1298
f 1200//1200 1298//1298 1201//1201
f 1201//1201 1298//1298 1299//1299
f 1201//1201 1299//1299 1202//1202
f 1203//1203 1303//1303 1304//1304
f 1203//1203 1304//1304 1204//1204
f 1204//1204 1304//1304 1305//1305
f 1204//1204 1305//1305 1205//1205
f 1192//1192 1206//1206 1306//1306
f 1192//1192 1306//1306 1289//1289
f 1305//1305 1306//1306 1206//1206
f 1305//1305 1206//1206 1205//1205
f 1202//1202 1307//1307 1207//1207
f 1202//1202 1299//1299 1307//1307
f 1307//1307 1308//1308 1208//1208
f 1307//1307 1208//1208 1207//1207
f 1300//1300 1308//1308 1307//1307
f 1300//1300 1307//1307 1299//1299
f 1308//1308 1309//1309 1209//1209
f 1308//1308 1209//1209 1208//1208
f 1301//1301 1309//1309 1308//1308
f 1301//1301 1308//1308 1300//1300
f 1209//1209 1309//1309 1310//1310
f 1209//1209 1310//1310 1210//1210
f 1210//1210 1310//1310 1311//1311
f 1210//1210 1311//1311 1211//1211
f 1311//1311 1312//1312 1212//1212
f 1311//1311 1212//1212 1211//1211
f 1212//1212 1312//1312 1313//1313
f 1212//1212 1313//1313 1213//1213
f 1313//1313 1314//1314 1214//1214
f 1313//1313 1214//1214 1213//1213
f 1203//1203 1215//1215 1315//1315
f 1203//1203 1315//1315 1303//1303
f 1214//1214 1314//1314 1315//1315
f 1214//1214 1315//1315 1215//1215
f 1302//1302 1303//1303 1315//1315
f 1302//1302 1315//1315 1314//1314
f 1217//1217 1317//1317 1316//1316
f 1217//1217 1218//1218 1317//1317
f 1317//1317 1219//1219 1318//1318
f 1317//1317 1218//1218 1219//1219
f 1318//1318 1220//1220 1319//1319
f 1318//1318 1219//1219 1220//1220
f 1319//1319 1221//1221 1320//1320
f 1319//1319 1220//1220 1221//1221
f 1221//1221 1321//1321 1320//1320
f 1221//1221 1222//1222 1321//1321
f 1222//1222 1322//1322 1321//1321
f 1222//1222 1223//1223 1322//1322
f 1322//1322 1224//1224 1323//1323
f 1322//1322 1223//1223 1224//1224
f 1323//1323 1225//1225 1324//1324
f 1323//1323 1224//1224 1225//1225
f 1225//1225 1325//1325 1324//1324
f 1225//1225 1226//1226 1325//1325
f 1327//1327 1228//1228 1328//1328
f 1327//1327 1227//1227 1228//1228
f 1229//1229 1316//1316 1329//1329
f 1229//1229 1217//1217 1316//1316
f 1328//1328 1229//1229 1329//1329
f 1328//1328 1228//1228 1229//1229
f 1316//1316 1317//1317 1330//1330
f 1316//1316 1330//1330 1329//1329
f 1317//1317 1318//1318 1331//1331
f 1317//1317 1331//1331 1330//1330
f 1318//1318 1319//1319 1332//1332
f 1318//1318 1332//1332 1331//1331
f 1321//1321 1322//1322 1334//1334
f 1321//1321 1334//1334 1333//1333
f 1322//1322 1323//1323 1335//1335
f 1322//1322 1335//1335 1334//1334
f 1323//1323 1324//1324 1336//1336
f 1323//1323 1336//1336 1335//1335
f 1232//1232 1337//1337 1325//1325
f 1232//1232 1325//1325 1226//1226
f 1325//1325 1337//1337 1336//1336
f 1325//1325 1336//1336 1324//1324
f 1337//1337 1233//1233 1338//1338
f 1337//1337 1232//1232 1233//1233
f 1233//1233 1339//1339 1338//1338
f 1233//1233 1234//1234 1339//1339
f 1235//1235 1341//1341 1340//1340
f 1235//1235 1236//1236 1341//1341
f 1236//1236 1342//1342 1341//1341
f 1236//1236 1237//1237 1342//1342
f 1227//1227 1343//1343 1238//1238
f 1227//1227 1327//1327 1343//1343
f 1237//1237 1343//1343 1342//1342
f 1237//1237 1238//1238 1343//1343
f 1326//1326 1343//1343 1327//1327
f 1326//1326 1342//1342 1343//1343
f 1239//1239 1345//1345 1339//1339
f 1239//1239 1339//1339 1234//1234
f 1339//1339 1345//1345 1344//1344
f 1339//1339 1344//1344 1338//1338
f 1239//1239 1346//1346 1345//1345
f 1239//1239 1240//1240 1346//1346
f 1347//1347 1242//1242 1348//1348
f 1347//1347 1241//1241 1242//1242
f 1243//1243 1340//1340 1349//1349
f 1243//1243 1235//1235 1340//1340
f 1242//1242 1349//1349 1348//1348
f 1242//1242 1243//1243 1349//1349
f 1244//1244 1350//1350 1346//1346
f 1244//1244 1346//1346 1240//1240
f 1244//1244 1351//1351 1350//1350
f 1244//1244 1245//1245 1351//1351
f 1247//1247 1347//1347 1353//1353
f 1247//1247 1241//1241 1347//1347
f 1246//1246 1353//1353 1352//1352
f 1246//1246 1247//1247 1353//1353
f 1248//1248 1354//1354 1351//1351
f 1248//1248 1351//1351 1245//1245
f 1354//1354 1249//1249 1355//1355
f 1354//1354 1248//1248 1249//1249
f 1355//1355 1250//1250 1356//1356
f 1355//1355 1249//1249 1250//1250
f 1252//1252 1352//1352 1358//1358
f 1252//1252 1246//1246 1352//1352
f 1357//1357 1252//1252 1358//1358
f 1357//1357 1251//1251 1252//1252
f 1352//1352 1353//1353 1359//1359
f 1352//1352 1359//1359 1358//1358
f 1253//1253 1361//1361 1356//1356
f 1253//1253 1356//1356 1250//1250
f 1356//1356 1361//1361 1360//1360
f 1356//1356 1360//1360 1355//1355
f 1253//1253 1362//1362 1361//1361
f 1253//1253 1254//1254 1362//1362
f 1255//1255 1357//1357 1363//1363
f 1255//1255 1251//1251 1357//1357
f 1357//1357 1358//1358 1364//1364
f 1357//1357 1364//1364 1363//1363
f 1256//1256 1366//1366 1362//1362
f 1256//1256 1362//1362 1254//1254
f 1362//1362 1366//1366 1365//1365
f 1362//1362 1365//1365 1361//1361
f 1255//1255 1367//1367 1259//1259
f 1255//1255 1363//1363 1367//1367
f 1363//1363 1364//1364 1368//1368
f 1363//1363 1368//1368 1367//1367
f 1260//1260 1369//1369 1366//1366
f 1260//1260 1366//1366 1256//1256
f 1260//1260 1370//1370 1369//1369
f 1260//1260 1261//1261 1370//1370
f 1263//1263 1367//1367 1371//1371
f 1263//1263 1259//1259 1367//1367
f 1264//1264 1373//1373 1370//1370
f 1264//1264 1370//1370 1261//1261
f 1370//1370 1373//1373 1372//1372
f 1370//1370 1372//1372 1369//1369
f 1263//1263 1374//1374 1266//1266
f 1263//1263 1371//1371 1374//1374
f 1264//1264 1267//1267 1376//1376
f 1264//1264 1376//1376 1373//1373
f 1372//1372 1373//1373 1376//1376
f 1372//1372 1376//1376 1375//1375
f 1269//1269 1374//1374 1377//1377
f 1269//1269 1266//1266 1374//1374
f 1270//1270 1380//1380 1376//1376
f 1270//1270 1376//1376 1267//1267
f 1375//1375 1376//1376 1380//1380
f 1375//1375 1380//1380 1379//1379
f 1269//1269 1381//1381 1271//1271
f 1269//1269 1377//1377 1381//1381
f 1378//1378 1382//1382 1381//1381
f 1378//1378 1381//1381 1377//1377
f 1270//1270 1273//1273 1384//1384
f 1270//1270 1384//1384 1380//1380
f 1272//1272 1383//1383 1384//1384
f 1272//1272 1384//1384 1273//1273
f 1379//1379 1380//1380 1384//1384
f 1379//1379 1384//1384 1383//1383
f 1271//1271 1385//1385 1274//1274
f 1271//1271 1381//1381 1385//1385
f 1382//1382 1386//1386 1385//1385
f 1382//1382 1385//1385 1381//1381
f 1272//1272 1275//1275 1387//1387
f 1272//1272 1387//1387 1383//1383
f 1274//1274 1388//1388 1277//1277
f 1274//1274 1385//1385 1388//1388
f 1388//1388 1389//1389 1278//1278
f 1388//1388 1278//1278 1277//1277
f 1386//1386 1389//1389 1388//1388
f 1386//1386 1388//1388 1385//1385
f 1279//1279 1392//1392 1387//1387
f 1279//1279 1387//1387 1275//1275
f 1278//1278 1393//1393 1280//1280
f 1278//1278 1389//1389 1393//1393
f 1393//1393 1394//1394 1281//1281
f 1393//1393 1281//1281 1280//1280
f 1389//1389 1390//1390 1394//1394
f 1389//1389 1394//1394 1393//1393
f 1279//1279 1283//1283 1398//1398
f 1279//1279 1398//1398 1392//1392
f 1282//1282 1397//1397 1398//1398
f 1282//1282 1398//1398 1283//1283
f 1391//1391 1392//1392 1398//1398
f 1391//1391 1398//1398 1397//1397
f 1281//1281 1399//1399 1285//1285
f 1281//1281 1394//1394 1399//1399
f 1399//1399 1400//1400 1286//1286
f 1399//1399 1286//1286 1285//1285
f 1395//1395 1400//1400 1399//1399
f 1395//1395 1399//1399 1394//1394
f 1400//1400 1401//1401 1287//1287
f 1400//1400 1287//1287 1286//1286
f 1289//1289 1404//1404 1405//1405
f 1289//1289 1405//1405 1290//1290
f 1405//1405 1406//1406 1291//1291
f 1405//1405 1291//1291 1290//1290
f 1291//1291 1406//1406 1407//1407
f 1291//1291 1407//1407 1292//1292
f 1282//1282 1293//1293 1408//1408
f 1282//1282 1408//1408 1397//1397
f 1292//1292 1407//1407 1408//1408
f 1292//1292 1408//1408 1293//1293
f 1396//1396 1397//1397 1408//1408
f 1396//1396 1408//1408 1407//1407
f 1294//1294 1401//1401 1409//1409
f 1294//1294 1287//1287 1401//1401
f 1294//1294 1409//1409 1410//1410
f 1294//1294 1410//1410 1295//1295
f 1295//1295 1410//1410 1411//1411
f 1295//1295 1411//1411 1296//1296
f 1403//1403 1411//1411 1410//1410
f 1403//1403 1410//1410 1402//1402
f 1411//1411 1412//1412 1297//1297
f 1411//1411 1297//1297 1296//1296
f 1297//1297 1412//1412 1413//1413
f 1297//1297 1413//1413 1298//1298
f 1298//1298 1413//1413 1414//1414
f 1298//1298 1414//1414 1299//1299
f 1414//1414 1415//1415 1300//1300
f 1414//1414 1300//1300 1299//1299
f 1300//1300 1415//1415 1416//1416
f 1300//1300 1416//1416 1301//1301
f 1302//1302 1421//1421 1422//1422
f 1302//1302 1422//1422 1303//1303
f 1422//1422 1423//1423 1304//1304
f 1422//1422 1304//1304 1303//1303
f 1423//1423 1424//1424 1305//1305
f 1423//1423 1305//1305 1304//1304
f 1306//1306 1425//1425 1404//1404
f 1306//1306 1404//1404 1289//1289
f 1305//1305 1424//1424 1425//1425
f 1305//1305 1425//1425 1306//1306
f 1301//1301 1426//1426 1309//1309
f 1301//1301 1416//1416 1426//1426
f 1426//1426 1427//1427 1310//1310
f 1426//1426 1310//1310 1309//1309
f 1417//1417 1427//1427 1426//1426
f 1417//1417 1426//1426 1416//1416
f 1427//1427 1428//1428 1311//1311
f 1427//1427 1311//1311 1310//1310
f 1311//1311 1428//1428 1429//1429
f 1311//1311 1429//1429 1312//1312
f 1418//1418 1419//1419 1429//1429
f 1418//1418 1429//1429 1428//1428
f 1312//1312 1429//1429 1430//1430
f 1312//1312 1430//1430 1313//1313
f 1420//1420 1430//1430 1429//1429
f 1420//1420 1429//1429 1419//1419
f 1302//1302 1314//1314 1431//1431
f 1302//1302 1431//1431 1421//1421
f 1313//1313 1430//1430 1431//1431
f 1313//1313 1431//1431 1314//1314
f 1421//1421 1431//1431 1430//1430
f 1421//1421 1430//1430 1420//1420
f 1319//1319 1433//1433 1432//1432
f 1319//1319 1320//1320 1433//1433
f 1320//1320 1434//1434 1433//1433
f 1320//1320 1321//1321 1434//1434
f 1326//1326 1436//1436 1435//1435
f 1326//1326 1327//1327 1436//1436
f 1327//1327 1437//1437 1436//1436
f 1327//1327 1328//1328 1437//1437
f 1437//1437 1329//1329 1438//1438
f 1437//1437 1328//1328 1329//1329
f 1438//1438 1330//1330 1439//1439
f 1438//1438 1329//1329 1330//1330
f 1439//1439 1331//1331 1440//1440
f 1439//1439 1330//1330 1331//1331
f 1332//1332 1432//1432 1441//1441
f 1332//1332 1319//1319 1432//1432
f 1331//1331 1441//1441 1440//1440
f 1331//1331 1332//1332 1441//1441
f 1432//1432 1433//1433 1442//1442
f 1432//1432 1442//1442 1441//1441
f 1333//1333 1443//1443 1434//1434
f 1333//1333 1434//1434 1321//1321
f 1434//1434 1443//1443 1442//1442
f 1434//1434 1442//1442 1433//1433
f 1333//1333 1444//1444 1443//1443
f 1333//1333 1334//1334 1444//1444
f 1334//1334 1445//1445 1444//1444
f 1334//1334 1335//1335 1445//1445
f 1445//1445 1336//1336 1446//1446
f 1445//1445 1335//1335 1336//1336
f 1446//1446 1337//1337 1447//1447
f 1446//1446 1336//1336 1337//1337
f 1447//1447 1338//1338 1448//1448
f 1447//1447 1337//1337 1338//1338
f 1340//1340 1450//1450 1449//1449
f 1340//1340 1341//1341 1450//1450
f 1326//1326 1451//1451 1342//1342
f 1326//1326 1435//1435 1451//1451
f 1341//1341 1451//1451 1450//1450
f 1341//1341 1342//1342 1451//1451
f 1344//1344 1453//1453 1448//1448
f 1344//1344 1448//1448 1338//1338
f 1448//1448 1453//1453 1452//1452
f 1448//1448 1452//1452 1447//1447
f 1453//1453 1345//1345 1454//1454
f 1453//1453 1344//1344 1345//1345
f 1345//1345 1455//1455 1454//1454
f 1345//1345 1346//1346 1455//1455
f 1347//1347 1457//1457 1456//1456
f 1347//1347 1348//1348 1457//1457
f 1349//1349 1449//1449 1458//1458
f 1349//1349 1340//1340 1449//1449
f 1457//1457 1349//1349 1458//1458
f 1457//1457 1348//1348 1349//1349
f 1449//1449 1450//1450 1459//1459
f 1449//1449 1459//1459 1458//1458
f 1350//1350 1461//1461 1455//1455
f 1350//1350 1455//1455 1346//1346
f 1455//1455 1461//1461 1460//1460
f 1455//1455 1460//1460 1454//1454
f 1350//1350 1462//1462 1461//1461
f 1350//1350 1351//1351 1462//1462
f 1353//1353 1456//1456 1463//1463
f 1353//1353 1347//1347 1456//1456
f 1354//1354 1464//1464 1462//1462
f 1354//1354 1462//1462 1351//1351
f 1354//1354 1465//1465 1464//1464
f 1354//1354 1355//1355 1465//1465
f 1359//1359 1463//1463 1467//1467
f 1359//1359 1353//1353 1463//1463
f 1466//1466 1359//1359 1467//1467
f 1466//1466 1358//1358 1359//1359
f 1360//1360 1469//1469 1465//1465
f 1360//1360 1465//1465 1355//1355
f 1465//1465 1469//1469 1468//1468
f 1465//1465 1468//1468 1464//1464
f 1360//1360 1470//1470 1469//1469
f 1360//1360 1361//1361 1470//1470
f 1364//1364 1466//1466 1471//1471
f 1364//1364 1358//1358 1466//1466
f 1466//1466 1467//1467 1472//1472
f 1466//1466 1472//1472 1471//1471
f 1365//1365 1474//1474 1470//1470
f 1365//1365 1470//1470 1361//1361
f 1470//1470 1474//1474 1473//1473
f 1470//1470 1473//1473 1469//1469
f 1365//1365 1475//1475 1474//1474
f 1365//1365 1366//1366 1475//1475
f 1368//1368 1471//1471 1477//1477
f 1368//1368 1364//1364 1471//1471
f 1476//1476 1368//1368 1477//1477
f 1476//1476 1367//1367 1368//1368
f 1369//1369 1479//1479 1475//1475
f 1369//1369 1475//1475 1366//1366
f 1475//1475 1479//1479 1478//1478
f 1475//1475 1478//1478 1474//1474
f 1371//1371 1476//1476 1480//1480
f 1371//1371 1367//1367 1476//1476
f 1476//1476 1477//1477 1481//1481
f 1476//1476 1481//1481 1480//1480
f 1372//1372 1483//1483 1479//1479
f 1372//1372 1479//1479 1369//1369
f 1478//1478 1479//1479 1483//1483
f 1478//1478 1483//1483 1482//1482
f 1374//1374 1480//1480 1484//1484
f 1374//1374 1371//1371 1480//1480
f 1480//1480 1481//1481 1485//1485
f 1480//1480 1485//1485 1484//1484
f 1372//1372 1375//1375 1487//1487
f 1372//1372 1487//1487 1483//1483
f 1483//1483 1487//1487 1486//1486
f 1483//1483 1486//1486 1482//1482
f 1374//1374 1488//1488 1377//1377
f 1374//1374 1484//1484 1488//1488
f 1488//1488 1489//1489 1378//1378
f 1488//1488 1378//1378 1377//1377
f 1484//1484 1485//1485 1489//1489
f 1484//1484 1489//1489 1488//1488
f 1375//1375 1379//1379 1490//1490
f 1375//1375 1490//1490 1487//1487
f 1378//1378 1491//1491 1382//1382
f 1378//1378 1489//1489 1491//1491
f 1383//1383 1492//1492 1490//1490
f 1383//1383 1490//1490 1379//1379
f 1382//1382 1493//1493 1386//1386
f 1382//1382 1491//1491 1493//1493
f 1387//1387 1495//1495 1492//1492
f 1387//1387 1492//1492 1383//1383
f 1386//1386 1496//1496 1389//1389
f 1386//1386 1493//1493 1496//1496
f 1496//1496 1497//1497 1390//1390
f 1496//1496 1390//1390 1389//1389
f 1494//1494 1497//1497 1496//1496
f 1494//1494 1496//1496 1493//1493
f 1387//1387 1392//1392 1499//1499
f 1387//1387 1499//1499 1495//1495
f 1391//1391 1498//1498 1499//1499
f 1391//1391 1499//1499 1392//1392
f 1390//1390 1500//1500 1394//1394
f 1390//1390 1497//1497 1500//1500
f 1500//1500 1501//1501 1395//1395
f 1500//1500 1395//1395 1394//1394
f 1391//1391 1397//1397 1503//1503
f 1391//1391 1503//1503 1498//1498
f 1396//1396 1502//1502 1503//1503
f 1396//1396 1503//1503 1397//1397
f 1395//1395 1504//1504 1400//1400
f 1395//1395 1501//1501 1504//1504
f 1400//1400 1504//1504 1505//1505
f 1400//1400 1505//1505 1401//1401
f 1402//1402 1506//1506 1507//1507
f 1402//1402 1507//1507 1403//1403
f 1404//1404 1510//1510 1511//1511
f 1404//1404 1511//1511 1405//1405
f 1511//1511 1512//1512 1406//1406
f 1511//1511 1406//1406 1405//1405
f 1396//1396 1407//1407 1513//1513
f 1396//1396 1513//1513 1502//1502
f 1406//1406 1512//1512 1513//1513
f 1406//1406 1513//1513 1407//1407
f 1401//1401 1514//1514 1409//1409
f 1401//1401 1505//1505 1514//1514
f 1402//1402 1410//1410 1515//1515
f 1402//1402 1515//1515 1506//1506
f 1409//1409 1514//1514 1515//1515
f 1409//1409 1515//1515 1410//1410
f 1505//1505 1506//1506 1515//1515
f 1505//1505 1515//1515 1514//1514
f 1411//1411 1507//1507 1516//1516
f 1411//1411 1403//1403 1507//1507
f 1516//1516 1517//1517 1412//1412
f 1516//1516 1412//1412 1411//1411
f 1508//1508 1517//1517 1516//1516
f 1508//1508 1516//1516 1507//1507
f 1412//1412 1517//1517 1518//1518
f 1412//1412 1518//1518 1413//1413
f 1518//1518 1519//1519 1414//1414
f 1518//1518 1414//1414 1413//1413
f 1414//1414 1519//1519 1520//1520
f 1414//1414 1520//1520 1415//1415
f 1415//1415 1520//1520 1521//1521
f 1415//1415 1521//1521 1416//1416
f 1521//1521 1522//1522 1417//1417
f 1521//1521 1417//1417 1416//1416
f 1418//1418 1523//1523 1524//1524
f 1418//1418 1524//1524 1419//1419
f 1419//1419 1524//1524 1525//1525
f 1419//1419 1525//1525 1420//1420
f 1420//1420 1525//1525 1526//1526
f 1420//1420 1526//1526 1421//1421
f 1526//1526 1527//1527 1422//1422
f 1526//1526 1422//1422 1421//1421
f 1527//1527 1528//1528 1423//1423
f 1527//1527 1423//1423 1422//1422
f 1423//1423 1528//1528 1529//1529
f 1423//1423 1529//1529 1424//1424
f 1404//1404 1425//1425 1530//1530
f 1404//1404 1530//1530 1510//1510
f 1424//1424 1529//1529 1530//1530
f 1424//1424 1530//1530 1425//1425
f 1509//1509 1510//1510 1530//1530
f 1509//1509 1530//1530 1529//1529
f 1417//1417 1531//1531 1427//1427
f 1417//1417 1522//1522 1531//1531
f 1418//1418 1428//1428 1532//1532
f 1418//1418 1532//1532 1523//1523
f 1427//1427 1531//1531 1532//1532
f 1427//1427 1532//1532 1428//1428
f 1523//1523 1532//1532 1531//1531
f 1523//1523 1531//1531 1522//1522
f 1533//1533 1436//1436 1534//1534
f 1533//1533 1435//1435 1436//1436
f 1534//1534 1437//1437 1535//1535
f 1534//1534 1436//1436 1437//1437
f 1437//1437 1536//1536 1535//1535
f 1437//1437 1438//1438 1536//1536
f 1438//1438 1537//1537 1536//1536
f 1438//1438 1439//1439 1537//1537
f 1537//1537 1440//1440 1538//1538
f 1537//1537 1439//1439 1440//1440
f 1440//1440 1539//1539 1538//1538
f 1440//1440 1441//1441 1539//1539
f 1539//1539 1442//1442 1540//1540
f 1539//1539 1441//1441 1442//1442
f 1442//1442 1541//1541 1540//1540
f 1442//1442 1443//1443 1541//1541
f 1541//1541 1444//1444 1542//1542
f 1541//1541 1443//1443 1444//1444
f 1542//1542 1445//1445 1543//1543
f 1542//1542 1444//1444 1445//1445
f 1543//1543 1446//1446 1544//1544
f 1543//1543 1445//1445 1446//1446
f 1544//1544 1447//1447 1545//1545
f 1544//1544 1446//1446 1447//1447
f 1451//1451 1533//1533 1548//1548
f 1451//1451 1435//1435 1533//1533
f 1547//1547 1451//1451 1548//1548
f 1547//1547 1450//1450 1451//1451
f 1533//1533 1534//1534 1549//1549
f 1533//1533 1549//1549 1548//1548
f 1534//1534 1535//1535 1550//1550
f 1534//1534 1550//1550 1549//1549
f 1539//1539 1552//1552 1551//1551
f 1539//1539 1551//1551 1538//1538
f 1539//1539 1540//1540 1553//1553
f 1539//1539 1553//1553 1552//1552
f 1541//1541 1554//1554 1553//1553
f 1541//1541 1553//1553 1540//1540
f 1542//1542 1555//1555 1554//1554
f 1542//1542 1554//1554 1541//1541
f 1542//1542 1543//1543 1556//1556
f 1542//1542 1556//1556 1555//1555
f 1544//1544 1557//1557 1556//1556
f 1544//1544 1556//1556 1543//1543
f 1452//1452 1558//1558 1545//1545
f 1452//1452 1545//1545 1447//1447
f 1545//1545 1558//1558 1557//1557
f 1545//1545 1557//1557 1544//1544
f 1452//1452 1559//1559 1558//1558
f 1452//1452 1453//1453 1559//1559
f 1453//1453 1560//1560 1559//1559
f 1453//1453 1454//1454 1560//1560
f 1561//1561 1457//1457 1562//1562
f 1561//1561 1456//1456 1457//1457
f 1562//1562 1458//1458 1563//1563
f 1562//1562 1457//1457 1458//1458
f 1459//1459 1547//1547 1564//1564
f 1459//1459 1450//1450 1547//1547
f 1563//1563 1459//1459 1564//1564
f 1563//1563 1458//1458 1459//1459
f 1546//1546 1564//1564 1547//1547
f 1546//1546 1563//1563 1564//1564
f 1460//1460 1566//1566 1560//1560
f 1460//1460 1560//1560 1454//1454
f 1560//1560 1566//1566 1565//1565
f 1560//1560 1565//1565 1559//1559
f 1460//1460 1567//1567 1566//1566
f 1460//1460 1461//1461 1567//1567
f 1567//1567 1462//1462 1568//1568
f 1567//1567 1461//1461 1462//1462
f 1456//1456 1569//1569 1463//1463
f 1456//1456 1561//1561 1569//1569
f 1561//1561 1562//1562 1570//1570
f 1561//1561 1570//1570 1569//1569
f 1462//1462 1464//1464 1572//1572
f 1462//1462 1572//1572 1568//1568
f 1567//1567 1568//1568 1572//1572
f 1567//1567 1572//1572 1571//1571
f 1467//1467 1569//1569 1573//1573
f 1467//1467 1463//1463 1569//1569
f 1468//1468 1574//1574 1572//1572
f 1468//1468 1572//1572 1464//1464
f 1468//1468 1575//1575 1574//1574
f 1468//1468 1469//1469 1575//1575
f 1472//1472 1573//1573 1577//1577
f 1472//1472 1467//1467 1573//1573
f 1471//1471 1577//1577 1576//1576
f 1471//1471 1472//1472 1577//1577
f 1473//1473 1579//1579 1575//1575
f 1473//1473 1575//1575 1469//1469
f 1575//1575 1579//1579 1578//1578
f 1575//1575 1578//1578 1574//1574
f 1473//1473 1580//1580 1579//1579
f 1473//1473 1474//1474 1580//1580
f 1477//1477 1576//1576 1581//1581
f 1477//1477 1471//1471 1576//1576
f 1576//1576 1577//1577 1582//1582
f 1576//1576 1582//1582 1581//1581
f 1478//1478 1584//1584 1580//1580
f 1478//1478 1580//1580 1474//1474
f 1580//1580 1584//1584 1583//1583
f 1580//1580 1583//1583 1579//1579
f 1481//1481 1581//1581 1585//1585
f 1481//1481 1477//1477 1581//1581
f 1581//1581 1582//1582 1586//1586
f 1581//1581 1586//1586 1585//1585
f 1482//1482 1587//1587 1584//1584
f 1482//1482 1584//1584 1478//1478
f 1485//1485 1585//1585 1588//1588
f 1485//1485 1481//1481 1585//1585
f 1586//1586 1589//1589 1588//1588
f 1586//1586 1588//1588 1585//1585
f 1486//1486 1590//1590 1587//1587
f 1486//1486 1587//1587 1482//1482
f 1486//1486 1591//1591 1590//1590
f 1486//1486 1487//1487 1591//1591
f 1485//1485 1592//1592 1489//1489
f 1485//1485 1588//1588 1592//1592
f 1588//1588 1589//1589 1593//1593
f 1588//1588 1593//1593 1592//1592
f 1490//1490 1595//1595 1591//1591
f 1490//1490 1591//1591 1487//1487
f 1591//1591 1595//1595 1594//1594
f 1591//1591 1594//1594 1590//1590
f 1489//1489 1596//1596 1491//1491
f 1489//1489 1592//1592 1596//1596
f 1592//1592 1593//1593 1597//1597
f 1592//1592 1597//1597 1596//1596
f 1490//1490 1492//1492 1599//1599
f 1490//1490 1599//1599 1595//1595
f 1595//1595 1599//1599 1598//1598
f 1595//1595 1598//1598 1594//1594
f 1491//1491 1600//1600 1493//1493
f 1491//1491 1596//1596 1600//1600
f 1493//1493 1600//1600 1601//1601
f 1493//1493 1601//1601 1494//1494
f 1596//1596 1597//1597 1601//1601
f 1596//1596 1601//1601 1600//1600
f 1495//1495 1603//1603 1599//1599
f 1495//1495 1599//1599 1492//1492
f 1598//1598 1599//1599 1603//1603
f 1598//1598 1603//1603 1602//1602
f 1497//1497 1601//1601 1604//1604
f 1497//1497 1494//1494 1601//1601
f 1499//1499 1607//1607 1603//1603
f 1499//1499 1603//1603 1495//1495
f 1498//1498 1606//1606 1607//1607
f 1498//1498 1607//1607 1499//1499
f 1602//1602 1603//1603 1607//1607
f 1602//1602 1607//1607 1606//1606
f 1500//1500 1604//1604 1608//1608
f 1500//1500 1497//1497 1604//1604
f 1500//1500 1608//1608 1609//1609
f 1500//1500 1609//1609 1501//1501
f 1498//1498 1503//1503 1612//1612
f 1498//1498 1612//1612 1606//1606
f 1611//1611 1612//1612 1503//1503
f 1611//1611 1503//1503 1502//1502
f 1605//1605 1606//1606 1612//1612
f 1605//1605 1612//1612 1611//1611
f 1504//1504 1609//1609 1613//1613
f 1504//1504 1501//1501 1609//1609
f 1504//1504 1613//1613 1614//1614
f 1504//1504 1614//1614 1505//1505
f 1614//1614 1615//1615 1506//1506
f 1614//1614 1506//1506 1505//1505
f 1615//1615 1616//1616 1507//1507
f 1615//1615 1507//1507 1506//1506
f 1616//1616 1617//1617 1508//1508
f 1616//1616 1508//1508 1507//1507
f 1509//1509 1626//1626 1627//1627
f 1509//1509 1627//1627 1510//1510
f 1510//1510 1627//1627 1628//1628
f 1510//1510 1628//1628 1511//1511
f 1511//1511 1628//1628 1629//1629
f 1511//1511 1629//1629 1512//1512
f 1502//1502 1513//1513 1630//1630
f 1502//1502 1630//1630 1611//1611
f 1512//1512 1629//1629 1630//1630
f 1512//1512 1630//1630 1513//1513
f 1610//1610 1611//1611 1630//1630
f 1610//1610 1630//1630 1629//1629
f 1508//1508 1631//1631 1517//1517
f 1508//1508 1617//1617 1631//1631
f 1517//1517 1631//1631 1632//1632
f 1517//1517 1632//1632 1518//1518
f 1632//1632 1633//1633 1519//1519
f 1632//1632 1519//1519 1518//1518
f 1618//1618 1619//1619 1633//1633
f 1618//1618 1633//1633 1632//1632
f 1519//1519 1633//1633 1634//1634
f 1519//1519 1634//1634 1520//1520
f 1520//1520 1634//1634 1635//1635
f 1520//1520 1635//1635 1521//1521
f 1621//1621 1635//1635 1634//1634
f 1621//1621 1634//1634 1620//1620
f 1635//1635 1636//1636 1522//1522
f 1635//1635 1522//1522 1521//1521
f 1522//1522 1636//1636 1637//1637
f 1522//1522 1637//1637 1523//1523
f 1637//1637 1638//1638 1524//1524
f 1637//1637 1524//1524 1523//1523
f 1638//1638 1639//1639 1525//1525
f 1638//1638 1525//1525 1524//1524
f 1622//1622 1623//1623 1639//1639
f 1622//1622 1639//1639 1638//1638
f 1639//1639 1640//1640 1526//1526
f 1639//1639 1526//1526 1525//1525
f 1624//1624 1640//1640 1639//1639
f 1624//1624 1639//1639 1623//1623
f 1526//1526 1640//1640 1641//1641
f 1526//1526 1641//1641 1527//1527
f 1641//1641 1642//1642 1528//1528
f 1641//1641 1528//1528 1527//1527
f 1509//1509 1529//1529 1643//1643
f 1509//1509 1643//1643 1626//1626
f 1528//1528 1642//1642 1643//1643
f 1528//1528 1643//1643 1529//1529
f 1625//1625 1626//1626 1643//1643
f 1625//1625 1643//1643 1642//1642
f 1644//1644 1536//1536 1645//1645
f 1644//1644 1535//1535 1536//1536
f 1645//1645 1537//1537 1646//1646
f 1645//1645 1536//1536 1537//1537
f 1537//1537 1647//1647 1646//1646
f 1537//1537 1538//1538 1647//1647
f 1546//1546 1649//1649 1648//1648
f 1546//1546 1547//1547 1649//1649
f 1649//1649 1548//1548 1650//1650
f 1649//1649 1547//1547 1548//1548
f 1548//1548 1651//1651 1650//1650
f 1548//1548 1549//1549 1651//1651
f 1550//1550 1644//1644 1652//1652
f 1550//1550 1535//1535 1644//1644
f 1651//1651 1550//1550 1652//1652
f 1651//1651 1549//1549 1550//1550
f 1644//1644 1645//1645 1653//1653
f 1644//1644 1653//1653 1652//1652
f 1646//1646 1654//1654 1653//1653
f 1646//1646 1653//1653 1645//1645
f 1551//1551 1655//1655 1647//1647
f 1551//1551 1647//1647 1538//1538
f 1647//1647 1655//1655 1654//1654
f 1647//1647 1654//1654 1646//1646
f 1551//1551 1656//1656 1655//1655
f 1551//1551 1552//1552 1656//1656
f 1656//1656 1553//1553 1657//1657
f 1656//1656 1552//1552 1553//1553
f 1657//1657 1554//1554 1658//1658
f 1657//1657 1553//1553 1554//1554
f 1554//1554 1659//1659 1658//1658
f 1554//1554 1555//1555 1659//1659
f 1555//1555 1660//1660 1659//1659
f 1555//1555 1556//1556 1660//1660
f 1556//1556 1661//1661 1660//1660
f 1556//1556 1557//1557 1661//1661
f 1557//1557 1662//1662 1661//1661
f 1557//1557 1558//1558 1662//1662
f 1662//1662 1559//1559 1663//1663
f 1662//1662 1558//1558 1559//1559
f 1563//1563 1648//1648 1665//1665
f 1563//1563 1546//1546 1648//1648
f 1664//1664 1563//1563 1665//1665
f 1664//1664 1562//1562 1563//1563
f 1648//1648 1649//1649 1666//1666
f 1648//1648 1666//1666 1665//1665
f 1649//1649 1650//1650 1667//1667
f 1649//1649 1667//1667 1666//1666
f 1659//1659 1669//1669 1668//1668
f 1659//1659 1668//1668 1658//1658
f 1659//1659 1660//1660 1670//1670
f 1659//1659 1670//1670 1669//1669
f 1661//1661 1671//1671 1670//1670
f 1661//1661 1670//1670 1660//1660
f 1661//1661 1662//1662 1672//1672
f 1661//1661 1672//1672 1671//1671
f 1565//1565 1673//1673 1663//1663
f 1565//1565 1663//1663 1559//1559
f 1663//1663 1673//1673 1672//1672
f 1663//1663 1672//1672 1662//1662
f 1565//1565 1674//1674 1673//1673
f 1565//1565 1566//1566 1674//1674
f 1566//1566 1675//1675 1674//1674
f 1566//1566 1567//1567 1675//1675
f 1570//1570 1664//1664 1677//1677
f 1570//1570 1562//1562 1664//1664
f 1676//1676 1570//1570 1677//1677
f 1676//1676 1569//1569 1570//1570
f 1571//1571 1679//1679 1675//1675
f 1571//1571 1675//1675 1567//1567
f 1675//1675 1679//1679 1678//1678
f 1675//1675 1678//1678 1674//1674
f 1571//1571 1680//1680 1679//1679
f 1571//1571 1572//1572 1680//1680
f 1573//1573 1676//1676 1681//1681
f 1573//1573 1569//1569 1676//1676
f 1676//1676 1677//1677 1682//1682
f 1676//1676 1682//1682 1681//1681
f 1574//1574 1684//1684 1680//1680
f 1574//1574 1680//1680 1572//1572
f 1680//1680 1684//1684 1683//1683
f 1680//1680 1683//1683 1679//1679
f 1577//1577 1681//1681 1685//1685
f 1577//1577 1573//1573 1681//1681
f 1681//1681 1682//1682 1686//1686
f 1681//1681 1686//1686 1685//1685
f 1578//1578 1688//1688 1684//1684
f 1578//1578 1684//1684 1574//1574
f 1684//1684 1688//1688 1687//1687
f 1684//1684 1687//1687 1683//1683
f 1578//1578 1689//1689 1688//1688
f 1578//1578 1579//1579 1689//1689
f 1582//1582 1685//1685 1690//1690
f 1582//1582 1577//1577 1685//1685
f 1583//1583 1692//1692 1689//1689
f 1583//1583 1689//1689 1579//1579
f 1689//1689 1692//1692 1691//1691
f 1689//1689 1691//1691 1688//1688
f 1583//1583 1693//1693 1692//1692
f 1583//1583 1584//1584 1693//1693
f 1586//1586 1690//1690 1694//1694
f 1586//1586 1582//1582 1690//1690
f 1587//1587 1696//1696 1693//1693
f 1587//1587 1693//1693 1584//1584
f 1693//1693 1696//1696 1695//1695
f 1693//1693 1695//1695 1692//1692
f 1586//1586 1697//1697 1589//1589
f 1586//1586 1694//1694 1697//1697
f 1590//1590 1700//1700 1696//1696
f 1590//1590 1696//1696 1587//1587
f 1695//1695 1696//1696 1700//1700
f 1695//1695 1700//1700 1699//1699
f 1589//1589 1701//1701 1593//1593
f 1589//1589 1697//1697 1701//1701
f 1697//1697 1698//1698 1702//1702
f 1697//1697 1702//1702 1701//1701
f 1594//1594 1704//1704 1700//1700
f 1594//1594 1700//1700 1590//1590
f 1700//1700 1704//1704 1703//1703
f 1700//1700 1703//1703 1699//1699
f 1597//1597 1701//1701 1705//1705
f 1597//1597 1593//1593 1701//1701
f 1701//1701 1702//1702 1706//1706
f 1701//1701 1706//1706 1705//1705
f 1598//1598 1708//1708 1704//1704
f 1598//1598 1704//1704 1594//1594
f 1703//1703 1704//1704 1708//1708
f 1703//1703 1708//1708 1707//1707
f 1597//1597 1709//1709 1601//1601
f 1597//1597 1705//1705 1709//1709
f 1706//1706 1710//1710 1709//1709
f 1706//1706 1709//1709 1705//1705
f 1598//1598 1602//1602 1712//1712
f 1598//1598 1712//1712 1708//1708
f 1708//1708 1712//1712 1711//1711
f 1708//1708 1711//1711 1707//1707
f 1604//1604 1709//1709 1713//1713
f 1604//1604 1601//1601 1709//1709
f 1710//1710 1714//1714 1713//1713
f 1710//1710 1713//1713 1709//1709
f 1602//1602 1606//1606 1717//1717
f 1602//1602 1717//1717 1712//1712
f 1605//1605 1716//1716 1717//1717
f 1605//1605 1717//1717 1606//1606
f 1711//1711 1712//1712 1717//1717
f 1711//1711 1717//1717 1716//1716
f 1604//1604 1718//1718 1608//1608
f 1604//1604 1713//1713 1718//1718
f 1718//1718 1719//1719 1609//1609
f 1718//1718 1609//1609 1608//1608
f 1714//1714 1719//1719 1718//1718
f 1714//1714 1718//1718 1713//1713
f 1605//1605 1611//1611 1724//1724
f 1605//1605 1724//1724 1716//1716
f 1610//1610 1723//1723 1724//1724
f 1610//1610 1724//1724 1611//1611
f 1715//1715 1716//1716 1724//1724
f 1715//1715 1724//1724 1723//1723
f 1609//1609 1725//1725 1613//1613
f 1609//1609 1719//1719 1725//1725
f 1725//1725 1726//1726 1614//1614
f 1725//1725 1614//1614 1613//1613
f 1720//1720 1726//1726 1725//1725
f 1720//1720 1725//1725 1719//1719
f 1726//1726 1727//1727 1615//1615
f 1726//1726 1615//1615 1614//1614
f 1615//1615 1727//1727 1728//1728
f 1615//1615 1728//1728 1616//1616
f 1728//1728 1729//1729 1617//1617
f 1728//1728 1617//1617 1616//1616
f 1618//1618 1730//1730 1731//1731
f 1618//1618 1731//1731 1619//1619
f 1620//1620 1732//1732 1733//1733
f 1620//1620 1733//1733 1621//1621
f 1736//1736 1737//1737 1623//1623
f 1736//1736 1623//1623 1622//1622
f 1623//1623 1737//1737 1738//1738
f 1623//1623 1738//1738 1624//1624
f 1625//1625 1740//1740 1741//1741
f 1625//1625 1741//1741 1626//1626
f 1626//1626 1741//1741 1742//1742
f 1626//1626 1742//1742 1627//1627
f 1627//1627 1742//1742 1743//1743
f 1627//1627 1743//1743 1628//1628
f 1721//1721 1722//1722 1743//1743
f 1721//1721 1743//1743 1742//1742
f 1610//1610 1629//1629 1744//1744
f 1610//1610 1744//1744 1723//1723
f 1628//1628 1743//1743 1744//1744
f 1628//1628 1744//1744 1629//1629
f 1723//1723 1744//1744 1743//1743
f 1723//1723 1743//1743 1722//1722
f 1631//1631 1729//1729 1745//1745
f 1631//1631 1617//1617 1729//1729
f 1618//1618 1632//1632 1746//1746
f 1618//1618 1746//1746 1730//1730
f 1631//1631 1745//1745 1746//1746
f 1631//1631 1746//1746 1632//1632
f 1729//1729 1730//1730 1746//1746
f 1729//1729 1746//1746 1745//1745
f 1619//1619 1747//1747 1633//1633
f 1619//1619 1731//1731 1747//1747
f 1620//1620 1634//1634 1748//1748
f 1620//1620 1748//1748 1732//1732
f 1747//1747 1748//1748 1634//1634
f 1747//1747 1634//1634 1633//1633
f 1731//1731 1732//1732 1748//1748
f 1731//1731 1748//1748 1747//1747
f 1621//1621 1749//1749 1635//1635
f 1621//1621 1733//1733 1749//1749
f 1749//1749 1750//1750 1636//1636
f 1749//1749 1636//1636 1635//1635
f 1734//1734 1750//1750 1749//1749
f 1734//1734 1749//1749 1733//1733
f 1636//1636 1750//1750 1751//1751
f 1636//1636 1751//1751 1637//1637
f 1734//1734 1735//1735 1751//1751
f 1734//1734 1751//1751 1750//1750
f 1622//1622 1638//1638 1752//1752
f 1622//1622 1752//1752 1736//1736
f 1637//1637 1751//1751 1752//1752
f 1637//1637 1752//1752 1638//1638
f 1735//1735 1736//1736 1752//1752
f 1735//1735 1752//1752 1751//1751
f 1624//1624 1753//1753 1640//1640
f 1624//1624 1738//1738 1753//1753
f 1753//1753 1754//1754 1641//1641
f 1753//1753 1641//1641 1640//1640
f 1739//1739 1754//1754 1753//1753
f 1739//1739 1753//1753 1738//1738
f 1625//1625 1642//1642 1755//1755
f 1625//1625 1755//1755 1740//1740
f 1754//1754 1755//1755 1642//1642
f 1754//1754 1642//1642 1641//1641
f 1739//1739 1740//1740 1755//1755
f 1739//1739 1755//1755 1754//1754
f 1756//1756 1651//1651 1757//1757
f 1756//1756 1650//1650 1651//1651
f 1757//1757 1652//1652 1758//1758
f 1757//1757 1651//1651 1652//1652
f 1758//1758 1653//1653 1759//1759
f 1758//1758 1652//1652 1653//1653
f 1653//1653 1760//1760 1759//1759
f 1653//1653 1654//1654 1760//1760
f 1654//1654 1761//1761 1760//1760
f 1654//1654 1655//1655 1761//1761
f 1655//1655 1762//1762 1761//1761
f 1655//1655 1656//1656 1762//1762
f 1656//1656 1763//1763 1762//1762
f 1656//1656 1657//1657 1763//1763
f 1763//1763 1658//1658 1764//1764
f 1763//1763 1657//1657 1658//1658
f 1664//1664 1766//1766 1765//1765
f 1664//1664 1665//1665 1766//1766
f 1766//1766 1666//1666 1767//1767
f 1766//1766 1665//1665 1666//1666
f 1667//1667 1756//1756 1768//1768
f 1667//1667 1650//1650 1756//1756
f 1767//1767 1667//1667 1768//1768
f 1767//1767 1666//1666 1667//1667
f 1756//1756 1757//1757 1769//1769
f 1756//1756 1769//1769 1768//1768
f 1757//1757 1758//1758 1770//1770
f 1757//1757 1770//1770 1769//1769
f 1758//1758 1759//1759 1771//1771
f 1758//1758 1771//1771 1770//1770
f 1761//1761 1773//1773 1772//1772
f 1761//1761 1772//1772 1760//1760
f 1761//1761 1762//1762 1774//1774
f 1761//1761 1774//1774 1773//1773
f 1762//1762 1763//1763 1775//1775
f 1762//1762 1775//1775 1774//1774
f 1658//1658 1668//1668 1776//1776
f 1658//1658 1776//1776 1764//1764
f 1764//1764 1776//1776 1775//1775
f 1764//1764 1775//1775 1763//1763
f 1776//1776 1669//1669 1777//1777
f 1776//1776 1668//1668 1669//1669
f 1777//1777 1670//1670 1778//1778
f 1777//1777 1669//1669 1670//1670
f 1670//1670 1779//1779 1778//1778
f 1670//1670 1671//1671 1779//1779
f 1671//1671 1780//1780 1779//1779
f 1671//1671 1672//1672 1780//1780
f 1780//1780 1673//1673 1781//1781
f 1780//1780 1672//1672 1673//1673
f 1781//1781 1674//1674 1782//1782
f 1781//1781 1673//1673 1674//1674
f 1677//1677 1765//1765 1783//1783
f 1677//1677 1664//1664 1765//1765
f 1765//1765 1766//1766 1784//1784
f 1765//1765 1784//1784 1783//1783
f 1766//1766 1767//1767 1785//1785
f 1766//1766 1785//1785 1784//1784
f 1780//1780 1787//1787 1786//1786
f 1780//1780 1786//1786 1779//1779
f 1781//1781 1788//1788 1787//1787
f 1781//1781 1787//1787 1780//1780
f 1678//1678 1789//1789 1782//1782
f 1678//1678 1782//1782 1674//1674
f 1782//1782 1789//1789 1788//1788
f 1782//1782 1788//1788 1781//1781
f 1678//1678 1790//1790 1789//1789
f 1678//1678 1679//1679 1790//1790
f 1682//1682 1783//1783 1791//1791
f 1682//1682 1677//1677 1783//1783
f 1783//1783 1784//1784 1792//1792
f 1783//1783 1792//1792 1791//1791
f 1683//1683 1794//1794 1790//1790
f 1683//1683 1790//1790 1679//1679
f 1790//1790 1794//1794 1793//1793
f 1790//1790 1793//1793 1789//1789
f 1682//1682 1796//1796 1686//1686
f 1682//1682 1791//1791 1796//1796
f 1795//1795 1686//1686 1796//1796
f 1795//1795 1685//1685 1686//1686
f 1683//1683 1687//1687 1797//1797
f 1683//1683 1797//1797 1794//1794
f 1687//1687 1798//1798 1797//1797
f 1687//1687 1688//1688 1798//1798
f 1685//1685 1799//1799 1690//1690
f 1685//1685 1795//1795 1799//1799
f 1795//1795 1796//1796 1800//1800
f 1795//1795 1800//1800 1799//1799
f 1691//1691 1802//1802 1798//1798
f 1691//1691 1798//1798 1688//1688
f 1691//1691 1803//1803 1802//1802
f 1691//1691 1692//1692 1803//1803
f 1690//1690 1804//1804 1694//1694
f 1690//1690 1799//1799 1804//1804
f 1800//1800 1805//1805 1804//1804
f 1800//1800 1804//1804 1799//1799
f 1801//1801 1806//1806 1805//1805
f 1801//1801 1805//1805 1800//1800
f 1695//1695 1808//1808 1803//1803
f 1695//1695 1803//1803 1692//1692
f 1803//1803 1808//1808 1807//1807
f 1803//1803 1807//1807 1802//1802
f 1694//1694 1809//1809 1697//1697
f 1694//1694 1804//1804 1809//1809
f 1809//1809 1810//1810 1698//1698
f 1809//1809 1698//1698 1697//1697
f 1805//1805 1810//1810 1809//1809
f 1805//1805 1809//1809 1804//1804
f 1805//1805 1806//1806 1811//1811
f 1805//1805 1811//1811 1810//1810
f 1695//1695 1699//1699 1813//1813
f 1695//1695 1813//1813 1808//1808
f 1807//1807 1808//1808 1813//1813
f 1807//1807 1813//1813 1812//1812
f 1698//1698 1814//1814 1702//1702
f 1698//1698 1810//1810 1814//1814
f 1811//1811 1815//1815 1814//1814
f 1811//1811 1814//1814 1810//1810
f 1699//1699 1703//1703 1817//1817
f 1699//1699 1817//1817 1813//1813
f 1812//1812 1813//1813 1817//1817
f 1812//1812 1817//1817 1816//1816
f 1702//1702 1818//1818 1706//1706
f 1702//1702 1814//1814 1818//1818
f 1814//1814 1815//1815 1819//1819
f 1814//1814 1819//1819 1818//1818
f 1707//1707 1821//1821 1817//1817
f 1707//1707 1817//1817 1703//1703
f 1817//1817 1821//1821 1820//1820
f 1817//1817 1820//1820 1816//1816
f 1706//1706 1822//1822 1710//1710
f 1706//1706 1818//1818 1822//1822
f 1711//1711 1825//1825 1821//1821
f 1711//1711 1821//1821 1707//1707
f 1820//1820 1821//1821 1825//1825
f 1820//1820 1825//1825 1824//1824
f 1710//1710 1826//1826 1714//1714
f 1710//1710 1822//1822 1826//1826
f 1823//1823 1827//1827 1826//1826
f 1823//1823 1826//1826 1822//1822
f 1711//1711 1716//1716 1832//1832
f 1711//1711 1832//1832 1825//1825
f 1715//1715 1831//1831 1832//1832
f 1715//1715 1832//1832 1716//1716
f 1824//1824 1825//1825 1832//1832
f 1824//1824 1832//1832 1831//1831
f 1714//1714 1833//1833 1719//1719
f 1714//1714 1826//1826 1833//1833
f 1833//1833 1834//1834 1720//1720
f 1833//1833 1720//1720 1719//1719
f 1827//1827 1834//1834 1833//1833
f 1827//1827 1833//1833 1826//1826
f 1828//1828 1835//1835 1834//1834
f 1828//1828 1834//1834 1827//1827
f 1843//1843 1844//1844 1722//1722
f 1843//1843 1722//1722 1721//1721
f 1829//1829 1830//1830 1844//1844
f 1829//1829 1844//1844 1843//1843
f 1715//1715 1723//1723 1845//1845
f 1715//1715 1845//1845 1831//1831
f 1722//1722 1844//1844 1845//1845
f 1722//1722 1845//1845 1723//1723
f 1831//1831 1845//1845 1844//1844
f 1831//1831 1844//1844 1830//1830
f 1720//1720 1846//1846 1726//1726
f 1720//1720 1834//1834 1846//1846
f 1726//1726 1846//1846 1847//1847
f 1726//1726 1847//1847 1727//1727
f 1835//1835 1847//1847 1846//1846
f 1835//1835 1846//1846 1834//1834
f 1727//1727 1847//1847 1848//1848
f 1727//1727 1848//1848 1728//1728
f 1836//1836 1848//1848 1847//1847
f 1836//1836 1847//1847 1835//1835
f 1728//1728 1848//1848 1849//1849
f 1728//1728 1849//1849 1729//1729
f 1836//1836 1837//1837 1849//1849
f 1836//1836 1849//1849 1848//1848
f 1729//1729 1849//1849 1850//1850
f 1729//1729 1850//1850 1730//1730
f 1837//1837 1838//1838 1850//1850
f 1837//1837 1850//1850 1849//1849
f 1850//1850 1851//1851 1731//1731
f 1850//1850 1731//1731 1730//1730
f 1838//1838 1839//1839 1851//1851
f 1838//1838 1851//1851 1850//1850
f 1851//1851 1852//1852 1732//1732
f 1851//1851 1732//1732 1731//1731
f 1852//1852 1853//1853 1733//1733
f 1852//1852 1733//1733 1732//1732
f 1733//1733 1853//1853 1854//1854
f 1733//1733 1854//1854 1734//1734
f 1854//1854 1855//1855 1735//1735
f 1854//1854 1735//1735 1734//1734
f 1735//1735 1855//1855 1856//1856
f 1735//1735 1856//1856 1736//1736
f 1856//1856 1857//1857 1737//1737
f 1856//1856 1737//1737 1736//1736
f 1841//1841 1857//1857 1856//1856
f 1841//1841 1856//1856 1840//1840
f 1737//1737 1857//1857 1858//1858
f 1737//1737 1858//1858 1738//1738
f 1858//1858 1859//1859 1739//1739
f 1858//1858 1739//1739 1738//1738
f 1739//1739 1859//1859 1860//1860
f 1739//1739 1860//1860 1740//1740
f 1740//1740 1860//1860 1861//1861
f 1740//1740 1861//1861 1741//1741
f 1721//1721 1742//1742 1862//1862
f 1721//1721 1862//1862 1843//1843
f 1741//1741 1861//1861 1862//1862
f 1741//1741 1862//1862 1742//1742
f 1842//1842 1843//1843 1862//1862
f 1842//1842 1862//1862 1861//1861
f 1759//1759 1864//1864 1863//1863
f 1759//1759 1760//1760 1864//1864
f 1865//1865 1768//1768 1866//1866
f 1865//1865 1767//1767 1768//1768
f 1768//1768 1867//1867 1866//1866
f 1768//1768 1769//1769 1867//1867
f 1867//1867 1770//1770 1868//1868
f 1867//1867 1769//1769 1770//1770
f 1771//1771 1863//1863 1869//1869
f 1771//1771 1759//1759 1863//1863
f 1770//1770 1869//1869 1868//1868
f 1770//1770 1771//1771 1869//1869
f 1772//1772 1870//1870 1864//1864
f 1772//1772 1864//1864 1760//1760
f 1863//1863 1864//1864 1870//1870
f 1863//1863 1870//1870 1869//1869
f 1772//1772 1871//1871 1870//1870
f 1772//1772 1773//1773 1871//1871
f 1773//1773 1872//1872 1871//1871
f 1773//1773 1774//1774 1872//1872
f 1774//1774 1873//1873 1872//1872
f 1774//1774 1775//1775 1873//1873
f 1775//1775 1874//1874 1873//1873
f 1775//1775 1776//1776 1874//1874
f 1874//1874 1777//1777 1875//1875
f 1874//1874 1776//1776 1777//1777
f 1875//1875 1778//1778 1876//1876
f 1875//1875 1777//1777 1778//1778
f 1778//1778 1877//1877 1876//1876
f 1778//1778 1779//1779 1877//1877
f 1785//1785 1865//1865 1879//1879
f 1785//1785 1767//1767 1865//1865
f 1878//1878 1785//1785 1879//1879
f 1878//1878 1784//1784 1785//1785
f 1865//1865 1866//1866 1880//1880
f 1865//1865 1880//1880 1879//1879
f 1866//1866 1867//1867 1881//1881
f 1866//1866 1881//1881 1880//1880
f 1868//1868 1882//1882 1881//1881
f 1868//1868 1881//1881 1867//1867
f 1875//1875 1884//1884 1883//1883
f 1875//1875 1883//1883 1874//1874
f 1876//1876 1885//1885 1884//1884
f 1876//1876 1884//1884 1875//1875
f 1786//1786 1886//1886 1877//1877
f 1786//1786 1877//1877 1779//1779
f 1876//1876 1877//1877 1886//1886
f 1876//1876 1886//1886 1885//1885
f 1786//1786 1887//1887 1886//1886
f 1786//1786 1787//1787 1887//1887
f 1887//1887 1788//1788 1888//1888
f 1887//1887 1787//1787 1788//1788
f 1788//1788 1889//1889 1888//1888
f 1788//1788 1789//1789 1889//1889
f 1792//1792 1878//1878 1891//1891
f 1792//1792 1784//1784 1878//1878
f 1890//1890 1792//1792 1891//1891
f 1890//1890 1791//1791 1792//1792
f 1878//1878 1879//1879 1892//1892
f 1878//1878 1892//1892 1891//1891
f 1880//1880 1893//1893 1892//1892
f 1880//1880 1892//1892 1879//1879
f 1880//1880 1881//1881 1894//1894
f 1880//1880 1894//1894 1893//1893
f 1887//1887 1896//1896 1895//1895
f 1887//1887 1895//1895 1886//1886
f 1887//1887 1888//1888 1897//1897
f 1887//1887 1897//1897 1896//1896
f 1793//1793 1898//1898 1889//1889
f 1793//1793 1889//1889 1789//1789
f 1889//1889 1898//1898 1897//1897
f 1889//1889 1897//1897 1888//1888
f 1898//1898 1794//1794 1899//1899
f 1898//1898 1793//1793 1794//1794
f 1796//1796 1890//1890 1900//1900
f 1796//1796 1791//1791 1890//1890
f 1890//1890 1891//1891 1901//1901
f 1890//1890 1901//1901 1900//1900
f 1892//1892 1902//1902 1901//1901
f 1892//1892 1901//1901 1891//1891
f 1892//1892 1893//1893 1903//1903
f 1892//1892 1903//1903 1902//1902
f 1897//1897 1898//1898 1905//1905
f 1897//1897 1905//1905 1904//1904
f 1797//1797 1906//1906 1899//1899
f 1797//1797 1899//1899 1794//1794
f 1899//1899 1906//1906 1905//1905
f 1899//1899 1905//1905 1898//1898
f 1797//1797 1907//1907 1906//1906
f 1797//1797 1798//1798 1907//1907
f 1800//1800 1900//1900 1908//1908
f 1800//1800 1796//1796 1900//1900
f 1908//1908 1909//1909 1801//1801
f 1908//1908 1801//1801 1800//1800
f 1900//1900 1901//1901 1909//1909
f 1900//1900 1909//1909 1908//1908
f 1901//1901 1902//1902 1910//1910
f 1901//1901 1910//1910 1909//1909
f 1802//1802 1912//1912 1907//1907
f 1802//1802 1907//1907 1798//1798
f 1907//1907 1912//1912 1911//1911
f 1907//1907 1911//1911 1906//1906
f 1801//1801 1913//1913 1806//1806
f 1801//1801 1909//1909 1913//1913
f 1807//1807 1915//1915 1912//1912
f 1807//1807 1912//1912 1802//1802
f 1912//1912 1915//1915 1914//1914
f 1912//1912 1914//1914 1911//1911
f 1806//1806 1916//1916 1811//1811
f 1806//1806 1913//1913 1916//1916
f 1807//1807 1812//1812 1919//1919
f 1807//1807 1919//1919 1915//1915
f 1915//1915 1919//1919 1918//1918
f 1915//1915 1918//1918 1914//1914
f 1815//1815 1916//1916 1920//1920
f 1815//1815 1811//1811 1916//1916
f 1917//1917 1921//1921 1920//1920
f 1917//1917 1920//1920 1916//1916
f 1816//1816 1923//1923 1919//1919
f 1816//1816 1919//1919 1812//1812
f 1918//1918 1919//1919 1923//1923
f 1918//1918 1923//1923 1922//1922
f 1819//1819 1920//1920 1925//1925
f 1819//1819 1815//1815 1920//1920
f 1924//1924 1819//1819 1925//1925
f 1924//1924 1818//1818 1819//1819
f 1920//1920 1921//1921 1926//1926
f 1920//1920 1926//1926 1925//1925
f 1816//1816 1820//1820 1929//1929
f 1816//1816 1929//1929 1923//1923
f 1922//1922 1923//1923 1929//1929
f 1922//1922 1929//1929 1928//1928
f 1818//1818 1930//1930 1822//1822
f 1818//1818 1924//1924 1930//1930
f 1930//1930 1931//1931 1823//1823
f 1930//1930 1823//1823 1822//1822
f 1925//1925 1931//1931 1930//1930
f 1925//1925 1930//1930 1924//1924
f 1926//1926 1932//1932 1931//1931
f 1926//1926 1931//1931 1925//1925
f 1927//1927 1928//1928 1935//1935
f 1927//1927 1935//1935 1934//1934
f 1824//1824 1936//1936 1929//1929
f 1824//1824 1929//1929 1820//1820
f 1929//1929 1936//1936 1935//1935
f 1929//1929 1935//1935 1928//1928
f 1823//1823 1937//1937 1827//1827
f 1823//1823 1931//1931 1937//1937
f 1937//1937 1938//1938 1828//1828
f 1937//1937 1828//1828 1827//1827
f 1932//1932 1938//1938 1937//1937
f 1932//1932 1937//1937 1931//1931
f 1932//1932 1933//1933 1939//1939
f 1932//1932 1939//1939 1938//1938
f 1829//1829 1942//1942 1943//1943
f 1829//1829 1943//1943 1830//1830
f 1934//1934 1935//1935 1943//1943
f 1934//1934 1943//1943 1942//1942
f 1824//1824 1831//1831 1944//1944
f 1824//1824 1944//1944 1936//1936
f 1943//1943 1944//1944 1831//1831
f 1943//1943 1831//1831 1830//1830
f 1936//1936 1944//1944 1943//1943
f 1936//1936 1943//1943 1935//1935
f 1828//1828 1945//1945 1835//1835
f 1828//1828 1938//1938 1945//1945
f 1945//1945 1946//1946 1836//1836
f 1945//1945 1836//1836 1835//1835
f 1939//1939 1946//1946 1945//1945
f 1939//1939 1945//1945 1938//1938
f 1946//1946 1947//1947 1837//1837
f 1946//1946 1837//1837 1836//1836
f 1939//1939 1940//1940 1947//1947
f 1939//1939 1947//1947 1946//1946
f 1947//1947 1948//1948 1838//1838
f 1947//1947 1838//1838 1837//1837
f 1948//1948 1949//1949 1839//1839
f 1948//1948 1839//1839 1838//1838
f 1954//1954 1955//1955 1841//1841
f 1954//1954 1841//1841 1840//1840
f 1829//1829 1843//1843 1960//1960
f 1829//1829 1960//1960 1942//1942
f 1842//1842 1959//1959 1960//1960
f 1842//1842 1960//1960 1843//1843
f 1941//1941 1942//1942 1960//1960
f 1941//1941 1960//1960 1959//1959
f 1839//1839 1961//1961 1851//1851
f 1839//1839 1949//1949 1961//1961
f 1961//1961 1962//1962 1852//1852
f 1961//1961 1852//1852 1851//1851
f 1949//1949 1950//1950 1962//1962
f 1949//1949 1962//1962 1961//1961
f 1962//1962 1963//1963 1853//1853
f 1962//1962 1853//1853 1852//1852
f 1950//1950 1951//1951 1963//1963
f 1950//1950 1963//1963 1962//1962
f 1853//1853 1963//1963 1964//1964
f 1853//1853 1964//1964 1854//1854
f 1952//1952 1964//1964 1963//1963
f 1952//1952 1963//1963 1951//1951
f 1964//1964 1965//1965 1855//1855
f 1964//1964 1855//1855 1854//1854
f 1953//1953 1965//1965 1964//1964
f 1953//1953 1964//1964 1952//1952
f 1840//1840 1856//1856 1966//1966
f 1840//1840 1966//1966 1954//1954
f 1855//1855 1965//1965 1966//1966
f 1855//1855 1966//1966 1856//1856
f 1953//1953 1954//1954 1966//1966
f 1953//1953 1966//1966 1965//1965
f 1841//1841 1967//1967 1857//1857
f 1841//1841 1955//1955 1967//1967
f 1967//1967 1968//1968 1858//1858
f 1967//1967 1858//1858 1857//1857
f 1956//1956 1968//1968 1967//1967
f 1956//1956 1967//1967 1955//1955
f 1968//1968 1969//1969 1859//1859
f 1968//1968 1859//1859 1858//1858
f 1956//1956 1957//1957 1969//1969
f 1956//1956 1969//1969 1968//1968
f 1859//1859 1969//1969 1970//1970
f 1859//1859 1970//1970 1860//1860
f 1958//1958 1970//1970 1969//1969
f 1958//1958 1969//1969 1957//1957
f 1842//1842 1861//1861 1971//1971
f 1842//1842 1971//1971 1959//1959
f 1860//1860 1970//1970 1971//1971
f 1860//1860 1971//1971 1861//1861
f 1958//1958 1959//1959 1971//1971
f 1958//1958 1971//1971 1970//1970
f 1972//1972 1869//1869 1973//1973
f 1972//1972 1868//1868 1869//1869
f 1869//1869 1974//1974 1973//1973
f 1869//1869 1870//1870 1974//1974
f 1974//1974 1871//1871 1975//1975
f 1974//1974 1870//1870 1871//1871
f 1975//1975 1872//1872 1976//1976
f 1975//1975 1871//1871 1872//1872
f 1976//1976 1873//1873 1977//1977
f 1976//1976 1872//1872 1873//1873
f 1873//1873 1978//1978 1977//1977
f 1873//1873 1874//1874 1978//1978
f 1868//1868 1980//1980 1882//1882
f 1868//1868 1972//1972 1980//1980
f 1979//1979 1882//1882 1980//1980
f 1979//1979 1881//1881 1882//1882
f 1973//1973 1981//1981 1980//1980
f 1973//1973 1980//1980 1972//1972
f 1974//1974 1982//1982 1981//1981
f 1974//1974 1981//1981 1973//1973
f 1975//1975 1983//1983 1982//1982
f 1975//1975 1982//1982 1974//1974
f 1976//1976 1984//1984 1983//1983
f 1976//1976 1983//1983 1975//1975
f 1977//1977 1985//1985 1984//1984
f 1977//1977 1984//1984 1976//1976
f 1883//1883 1986//1986 1978//1978
f 1883//1883 1978//1978 1874//1874
f 1978//1978 1986//1986 1985//1985
f 1978//1978 1985//1985 1977//1977
f 1883//1883 1987//1987 1986//1986
f 1883//1883 1884//1884 1987//1987
f 1987//1987 1885//1885 1988//1988
f 1987//1987 1884//1884 1885//1885
f 1885//1885 1989//1989 1988//1988
f 1885//1885 1886//1886 1989//1989
f 1894//1894 1979//1979 1991//1991
f 1894//1894 1881//1881 1979//1979
f 1990//1990 1894//1894 1991//1991
f 1990//1990 1893//1893 1894//1894
f 1979//1979 1980//1980 1992//1992
f 1979//1979 1992//1992 1991//1991
f 1981//1981 1993//1993 1992//1992
f 1981//1981 1992//1992 1980//1980
f 1981//1981 1982//1982 1994//1994
f 1981//1981 1994//1994 1993//1993
f 1982//1982 1983//1983 1995//1995
f 1982//1982 1995//1995 1994//1994
f 1983//1983 1984//1984 1996//1996
f 1983//1983 1996//1996 1995//1995
f 1986//1986 1987//1987 1998//1998
f 1986//1986 1998//1998 1997//1997
f 1988//1988 1999//1999 1998//1998
f 1988//1988 1998//1998 1987//1987
f 1895//1895 2000//2000 1989//1989
f 1895//1895 1989//1989 1886//1886
f 1989//1989 2000//2000 1999//1999
f 1989//1989 1999//1999 1988//1988
f 1895//1895 2001//2001 2000//2000
f 1895//1895 1896//1896 2001//2001
f 1896//1896 2002//2002 2001//2001
f 1896//1896 1897//1897 2002//2002
f 1903//1903 1990//1990 2004//2004
f 1903//1903 1893//1893 1990//1990
f 2003//2003 1903//1903 2004//2004
f 2003//2003 1902//1902 1903//1903
f 1990//1990 1991//1991 2005//2005
f 1990//1990 2005//2005 2004//2004
f 1992//1992 2006//2006 2005//2005
f 1992//1992 2005//2005 1991//1991
f 1992//1992 1993//1993 2007//2007
f 1992//1992 2007//2007 2006//2006
f 1999//1999 2000//2000 2009//2009
f 1999//1999 2009//2009 2008//2008
f 2001//2001 2010//2010 2009//2009
f 2001//2001 2009//2009 2000//2000
f 1904//1904 2011//2011 2002//2002
f 1904//1904 2002//2002 1897//1897
f 2002//2002 2011//2011 2010//2010
f 2002//2002 2010//2010 2001//2001
f 1904//1904 2012//2012 2011//2011
f 1904//1904 1905//1905 2012//2012
f 1905//1905 2013//2013 2012//2012
f 1905//1905 1906//1906 2013//2013
f 1910//1910 2003//2003 2015//2015
f 1910//1910 1902//1902 2003//2003
f 2014//2014 1910//1910 2015//2015
f 2014//2014 1909//1909 1910//1910
f 2003//2003 2004//2004 2016//2016
f 2003//2003 2016//2016 2015//2015
f 2004//2004 2005//2005 2017//2017
f 2004//2004 2017//2017 2016//2016
f 2005//2005 2006//2006 2018//2018
f 2005//2005 2018//2018 2017//2017
f 2011//2011 2020//2020 2019//2019
f 2011//2011 2019//2019 2010//2010
f 2012//2012 2021//2021 2020//2020
f 2012//2012 2020//2020 2011//2011
f 1911//1911 2022//2022 2013//2013
f 1911//1911 2013//2013 1906//1906
f 2013//2013 2022//2022 2021//2021
f 2013//2013 2021//2021 2012//2012
f 1913//1913 2014//2014 2023//2023
f 1913//1913 1909//1909 2014//2014
f 2014//2014 2015//2015 2024//2024
f 2014//2014 2024//2024 2023//2023
f 2016//2016 2025//2025 2024//2024
f 2016//2016 2024//2024 2015//2015
f 2016//2016 2017//2017 2026//2026
f 2016//2016 2026//2026 2025//2025
f 2020//2020 2021//2021 2028//2028
f 2020//2020 2028//2028 2027//2027
f 1914//1914 2029//2029 2022//2022
f 1914//1914 2022//2022 1911//1911
f 2022//2022 2029//2029 2028//2028
f 2022//2022 2028//2028 2021//2021
f 1913//1913 2030//2030 1916//1916
f 1913//1913 2023//2023 2030//2030
f 2030//2030 2031//2031 1917//1917
f 2030//2030 1917//1917 1916//1916
f 2024//2024 2031//2031 2030//2030
f 2024//2024 2030//2030 2023//2023
f 2025//2025 2032//2032 2031//2031
f 2025//2025 2031//2031 2024//2024
f 2027//2027 2028//2028 2035//2035
f 2027//2027 2035//2035 2034//2034
f 1918//1918 2036//2036 2029//2029
f 1918//1918 2029//2029 1914//1914
f 2028//2028 2029//2029 2036//2036
f 2028//2028 2036//2036 2035//2035
f 1917//1917 2037//2037 1921//1921
f 1917//1917 2031//2031 2037//2037
f 2031//2031 2032//2032 2038//2038
f 2031//2031 2038//2038 2037//2037
f 2033//2033 2039//2039 2038//2038
f 2033//2033 2038//2038 2032//2032
f 2035//2035 2042//2042 2041//2041
f 2035//2035 2041//2041 2034//2034
f 1918//1918 1922//1922 2043//2043
f 1918//1918 2043//2043 2036//2036
f 2036//2036 2043//2043 2042//2042
f 2036//2036 2042//2042 2035//2035
f 1926//1926 2037//2037 2044//2044
f 1926//1926 1921//1921 2037//2037
f 2038//2038 2045//2045 2044//2044
f 2038//2038 2044//2044 2037//2037
f 2039//2039 2046//2046 2045//2045
f 2039//2039 2045//2045 2038//2038
f 2040//2040 2047//2047 2046//2046
f 2040//2040 2046//2046 2039//2039
f 2041//2041 2042//2042 2051//2051
f 2041//2041 2051//2051 2050//2050
f 1922//1922 1928//1928 2052//2052
f 1922//1922 2052//2052 2043//2043
f 1927//1927 2051//2051 2052//2052
f 1927//1927 2052//2052 1928//1928
f 2042//2042 2043//2043 2052//2052
f 2042//2042 2052//2052 2051//2051
f 1926//1926 2053//2053 1932//1932
f 1926//1926 2044//2044 2053//2053
f 2053//2053 2054//2054 1933//1933
f 2053//2053 1933//1933 1932//1932
f 2045//2045 2054//2054 2053//2053
f 2045//2045 2053//2053 2044//2044
f 2046//2046 2055//2055 2054//2054
f 2046//2046 2054//2054 2045//2045
f 2047//2047 2056//2056 2055//2055
f 2047//2047 2055//2055 2046//2046
f 2048//2048 2057//2057 2056//2056
f 2048//2048 2056//2056 2047//2047
f 2048//2048 2049//2049 2058//2058
f 2048//2048 2058//2058 2057//2057
f 1927//1927 1934//1934 2061//2061
f 1927//1927 2061//2061 2051//2051
f 2050//2050 2051//2051 2061//2061
f 2050//2050 2061//2061 2060//2060
f 1933//1933 2062//2062 1939//1939
f 1933//1933 2054//2054 2062//2062
f 2062//2062 2063//2063 1940//1940
f 2062//2062 1940//1940 1939//1939
f 2055//2055 2063//2063 2062//2062
f 2055//2055 2062//2062 2054//2054
f 2056//2056 2064//2064 2063//2063
f 2056//2056 2063//2063 2055//2055
f 2057//2057 2065//2065 2064//2064
f 2057//2057 2064//2064 2056//2056
f 2058//2058 2066//2066 2065//2065
f 2058//2058 2065//2065 2057//2057
f 2059//2059 2060//2060 2075//2075
f 2059//2059 2075//2075 2074//2074
f 1934//1934 1942//1942 2076//2076
f 1934//1934 2076//2076 2061//2061
f 1941//1941 2075//2075 2076//2076
f 1941//1941 2076//2076 1942//1942
f 2061//2061 2076//2076 2075//2075
f 2061//2061 2075//2075 2060//2060
f 1940//1940 2077//2077 1947//1947
f 1940//1940 2063//2063 2077//2077
f 2077//2077 2078//2078 1948//1948
f 2077//2077 1948//1948 1947//1947
f 2064//2064 2078//2078 2077//2077
f 2064//2064 2077//2077 2063//2063
f 1948//1948 2078//2078 2079//2079
f 1948//1948 2079//2079 1949//1949
f 2064//2064 2065//2065 2079//2079
f 2064//2064 2079//2079 2078//2078
f 1949//1949 2079//2079 2080//2080
f 1949//1949 2080//2080 1950//1950
f 2065//2065 2066//2066 2080//2080
f 2065//2065 2080//2080 2079//2079
f 1950//1950 2080//2080 2081//2081
f 1950//1950 2081//2081 1951//1951
f 2067//2067 2081//2081 2080//2080
f 2067//2067 2080//2080 2066//2066
f 2081//2081 2082//2082 1952//1952
f 2081//2081 1952//1952 1951//1951
f 2067//2067 2068//2068 2082//2082
f 2067//2067 2082//2082 2081//2081
f 2082//2082 2083//2083 1953//1953
f 2082//2082 1953//1953 1952//1952
f 2069//2069 2083//2083 2082//2082
f 2069//2069 2082//2082 2068//2068
f 2083//2083 2084//2084 1954//1954
f 2083//2083 1954//1954 1953//1953
f 2069//2069 2070//2070 2084//2084
f 2069//2069 2084//2084 2083//2083
f 2084//2084 2085//2085 1955//1955
f 2084//2084 1955//1955 1954//1954
f 2071//2071 2085//2085 2084//2084
f 2071//2071 2084//2084 2070//2070
f 1955//1955 2085//2085 2086//2086
f 1955//1955 2086//2086 1956//1956
f 2071//2071 2072//2072 2086//2086
f 2071//2071 2086//2086 2085//2085
f 2086//2086 2087//2087 1957//1957
f 2086//2086 1957//1957 1956//1956
f 2072//2072 2073//2073 2087//2087
f 2072//2072 2087//2087 2086//2086
f 1957//1957 2087//2087 2088//2088
f 1957//1957 2088//2088 1958//1958
f 2073//2073 2074//2074 2088//2088
f 2073//2073 2088//2088 2087//2087
f 1941//1941 1959//1959 2089//2089
f 1941//1941 2089//2089 2075//2075
f 1958//1958 2088//2088 2089//2089
f 1958//1958 2089//2089 1959//1959
f 2074//2074 2075//2075 2089//2089
f 2074//2074 2089//2089 2088//2088
f 2090//2090 1985//1985 2091//2091
f 2090//2090 1984//1984 1985//1985
f 1985//1985 2092//2092 2091//2091
f 1985//1985 1986//1986 2092//2092
f 2093//2093 1994//1994 2094//2094
f 2093//2093 1993//1993 1994//1994
f 1994//1994 2095//2095 2094//2094
f 1994//1994 1995//1995 2095//2095
f 1996//1996 2090//2090 2096//2096
f 1996//1996 1984//1984 2090//2090
f 2095//2095 1996//1996 2096//2096
f 2095//2095 1995//1995 1996//1996
f 2090//2090 2091//2091 2097//2097
f 2090//2090 2097//2097 2096//2096
f 1997//1997 2098//2098 2092//2092
f 1997//1997 2092//2092 1986//1986
f 2092//2092 2098//2098 2097//2097
f 2092//2092 2097//2097 2091//2091
f 2098//2098 1998//1998 2099//2099
f 2098//2098 1997//1997 1998//1998
f 1998//1998 2100//2100 2099//2099
f 1998//1998 1999//1999 2100//2100
f 2007//2007 2093//2093 2102//2102
f 2007//2007 1993//1993 2093//2093
f 2101//2101 2007//2007 2102//2102
f 2101//2101 2006//2006 2007//2007
f 2093//2093 2094//2094 2103//2103
f 2093//2093 2103//2103 2102//2102
f 2094//2094 2095//2095 2104//2104
f 2094//2094 2104//2104 2103//2103
f 2096//2096 2105//2105 2104//2104
f 2096//2096 2104//2104 2095//2095
f 2096//2096 2097//2097 2106//2106
f 2096//2096 2106//2106 2105//2105
f 2097//2097 2098//2098 2107//2107
f 2097//2097 2107//2107 2106//2106
f 2099//2099 2108//2108 2107//2107
f 2099//2099 2107//2107 2098//2098
f 2008//2008 2109//2109 2100//2100
f 2008//2008 2100//2100 1999//1999
f 2100//2100 2109//2109 2108//2108
f 2100//2100 2108//2108 2099//2099
f 2008//2008 2110//2110 2109//2109
f 2008//2008 2009//2009 2110//2110
f 2009//2009 2111//2111 2110//2110
f 2009//2009 2010//2010 2111//2111
f 2018//2018 2101//2101 2113//2113
f 2018//2018 2006//2006 2101//2101
f 2112//2112 2018//2018 2113//2113
f 2112//2112 2017//2017 2018//2018
f 2101//2101 2102//2102 2114//2114
f 2101//2101 2114//2114 2113//2113
f 2102//2102 2103//2103 2115//2115
f 2102//2102 2115//2115 2114//2114
f 2104//2104 2116//2116 2115//2115
f 2104//2104 2115//2115 2103//2103
f 2104//2104 2105//2105 2117//2117
f 2104//2104 2117//2117 2116//2116
f 2106//2106 2118//2118 2117//2117
f 2106//2106 2117//2117 2105//2105
f 2107//2107 2119//2119 2118//2118
f 2107//2107 2118//2118 2106//2106
f 2108//2108 2120//2120 2119//2119
f 2108//2108 2119//2119 2107//2107
f 2108//2108 2109//2109 2121//2121
f 2108//2108 2121//2121 2120//2120
f 2110//2110 2122//2122 2121//2121
f 2110//2110 2121//2121 2109//2109
f 2019//2019 2123//2123 2111//2111
f 2019//2019 2111//2111 2010//2010
f 2111//2111 2123//2123 2122//2122
f 2111//2111 2122//2122 2110//2110
f 2019//2019 2124//2124 2123//2123
f 2019//2019 2020//2020 2124//2124
f 2026//2026 2112//2112 2126//2126
f 2026//2026 2017//2017 2112//2112
f 2125//2125 2026//2026 2126//2126
f 2125//2125 2025//2025 2026//2026
f 2112//2112 2113//2113 2127//2127
f 2112//2112 2127//2127 2126//2126
f 2113//2113 2114//2114 2128//2128
f 2113//2113 2128//2128 2127//2127
f 2115//2115 2129//2129 2128//2128
f 2115//2115 2128//2128 2114//2114
f 2115//2115 2116//2116 2130//2130
f 2115//2115 2130//2130 2129//2129
f 2121//2121 2132//2132 2131//2131
f 2121//2121 2131//2131 2120//2120
f 2121//2121 2122//2122 2133//2133
f 2121//2121 2133//2133 2132//2132
f 2123//2123 2134//2134 2133//2133
f 2123//2123 2133//2133 2122//2122
f 2020//2020 2027//2027 2135//2135
f 2020//2020 2135//2135 2124//2124
f 2124//2124 2135//2135 2134//2134
f 2124//2124 2134//2134 2123//2123
f 2025//2025 2136//2136 2032//2032
f 2025//2025 2125//2125 2136//2136
f 2136//2136 2137//2137 2033//2033
f 2136//2136 2033//2033 2032//2032
f 2125//2125 2126//2126 2137//2137
f 2125//2125 2137//2137 2136//2136
f 2126//2126 2127//2127 2138//2138
f 2126//2126 2138//2138 2137//2137
f 2127//2127 2128//2128 2139//2139
f 2127//2127 2139//2139 2138//2138
f 2129//2129 2140//2140 2139//2139
f 2129//2129 2139//2139 2128//2128
f 2034//2034 2143//2143 2135//2135
f 2034//2034 2135//2135 2027//2027
f 2134//2134 2135//2135 2143//2143
f 2134//2134 2143//2143 2142//2142
f 2033//2033 2144//2144 2039//2039
f 2033//2033 2137//2137 2144//2144
f 2144//2144 2145//2145 2040//2040
f 2144//2144 2040//2040 2039//2039
f 2137//2137 2138//2138 2145//2145
f 2137//2137 2145//2145 2144//2144
f 2138//2138 2139//2139 2146//2146
f 2138//2138 2146//2146 2145//2145
f 2140//2140 2147//2147 2146//2146
f 2140//2140 2146//2146 2139//2139
f 2141//2141 2148//2148 2147//2147
f 2141//2141 2147//2147 2140//2140
f 2034//2034 2041//2041 2153//2153
f 2034//2034 2153//2153 2143//2143
f 2142//2142 2143//2143 2153//2153
f 2142//2142 2153//2153 2152//2152
f 2040//2040 2154//2154 2047//2047
f 2040//2040 2145//2145 2154//2154
f 2154//2154 2155//2155 2048//2048
f 2154//2154 2048//2048 2047//2047
f 2146//2146 2155//2155 2154//2154
f 2146//2146 2154//2154 2145//2145
f 2155//2155 2156//2156 2049//2049
f 2155//2155 2049//2049 2048//2048
f 2146//2146 2147//2147 2156//2156
f 2146//2146 2156//2156 2155//2155
f 2148//2148 2157//2157 2156//2156
f 2148//2148 2156//2156 2147//2147
f 2149//2149 2150//2150 2162//2162
f 2149//2149 2162//2162 2161//2161
f 2151//2151 2163//2163 2162//2162
f 2151//2151 2162//2162 2150//2150
f 2151//2151 2152//2152 2164//2164
f 2151//2151 2164//2164 2163//2163
f 2041//2041 2050//2050 2165//2165
f 2041//2041 2165//2165 2153//2153
f 2153//2153 2165//2165 2164//2164
f 2153//2153 2164//2164 2152//2152
f 2049//2049 2166//2166 2058//2058
f 2049//2049 2156//2156 2166//2166
f 2157//2157 2167//2167 2166//2166
f 2157//2157 2166//2166 2156//2156
f 2157//2157 2158//2158 2168//2168
f 2157//2157 2168//2168 2167//2167
f 2159//2159 2160//2160 2170//2170
f 2159//2159 2170//2170 2169//2169
f 2160//2160 2161//2161 2171//2171
f 2160//2160 2171//2171 2170//2170
f 2161//2161 2162//2162 2172//2172
f 2161//2161 2172//2172 2171//2171
f 2162//2162 2163//2163 2173//2173
f 2162//2162 2173//2173 2172//2172
f 2164//2164 2174//2174 2173//2173
f 2164//2164 2173//2173 2163//2163
f 2060//2060 2175//2175 2165//2165
f 2060//2060 2165//2165 2050//2050
f 2059//2059 2174//2174 2175//2175
f 2059//2059 2175//2175 2060//2060
f 2164//2164 2165//2165 2175//2175
f 2164//2164 2175//2175 2174//2174
f 2066//2066 2166//2166 2176//2176
f 2066//2066 2058//2058 2166//2166
f 2066//2066 2176//2176 2177//2177
f 2066//2066 2177//2177 2067//2067
f 2166//2166 2167//2167 2177//2177
f 2166//2166 2177//2177 2176//2176
f 2067//2067 2177//2177 2178//2178
f 2067//2067 2178//2178 2068//2068
f 2168//2168 2178//2178 2177//2177
f 2168//2168 2177//2177 2167//2167
f 2068//2068 2178//2178 2179//2179
f 2068//2068 2179//2179 2069//2069
f 2169//2169 2179//2179 2178//2178
f 2169//2169 2178//2178 2168//2168
f 2179//2179 2180//2180 2070//2070
f 2179//2179 2070//2070 2069//2069
f 2169//2169 2170//2170 2180//2180
f 2169//2169 2180//2180 2179//2179
f 2070//2070 2180//2180 2181//2181
f 2070//2070 2181//2181 2071//2071
f 2171//2171 2181//2181 2180//2180
f 2171//2171 2180//2180 2170//2170
f 2071//2071 2181//2181 2182//2182
f 2071//2071 2182//2182 2072//2072
f 2172//2172 2182//2182 2181//2181
f 2172//2172 2181//2181 2171//2171
f 2072//2072 2182//2182 2183//2183
f 2072//2072 2183//2183 2073//2073
f 2173//2173 2183//2183 2182//2182
f 2173//2173 2182//2182 2172//2172
f 2059//2059 2074//2074 2184//2184
f 2059//2059 2184//2184 2174//2174
f 2073//2073 2183//2183 2184//2184
f 2073//2073 2184//2184 2074//2074
f 2173//2173 2174//2174 2184//2184
f 2173//2173 2184//2184 2183//2183
f 2116//2116 2186//2186 2185//2185
f 2116//2116 2117//2117 2186//2186
f 2117//2117 2187//2187 2186//2186
f 2117//2117 2118//2118 2187//2187
f 2187//2187 2119//2119 2188//2188
f 2187//2187 2118//2118 2119//2119
f 2119//2119 2189//2189 2188//2188
f 2119//2119 2120//2120 2189//2189
f 2116//2116 2191//2191 2130//2130
f 2116//2116 2185//2185 2191//2191
f 2190//2190 2130//2130 2191//2191
f 2190//2190 2129//2129 2130//2130
f 2186//2186 2192//2192 2191//2191
f 2186//2186 2191//2191 2185//2185
f 2187//2187 2193//2193 2192//2192
f 2187//2187 2192//2192 2186//2186
f 2188//2188 2194//2194 2193//2193
f 2188//2188 2193//2193 2187//2187
f 2120//2120 2131//2131 2195//2195
f 2120//2120 2195//2195 2189//2189
f 2189//2189 2195//2195 2194//2194
f 2189//2189 2194//2194 2188//2188
f 2131//2131 2196//2196 2195//2195
f 2131//2131 2132//2132 2196//2196
f 2196//2196 2133//2133 2197//2197
f 2196//2196 2132//2132 2133//2133
f 2133//2133 2198//2198 2197//2197
f 2133//2133 2134//2134 2198//2198
f 2129//2129 2199//2199 2140//2140
f 2129//2129 2190//2190 2199//2199
f 2199//2199 2200//2200 2141//2141
f 2199//2199 2141//2141 2140//2140
f 2191//2191 2200//2200 2199//2199
f 2191//2191 2199//2199 2190//2190
f 2192//2192 2201//2201 2200//2200
f 2192//2192 2200//2200 2191//2191
f 2192//2192 2193//2193 2202//2202
f 2192//2192 2202//2202 2201//2201
f 2194//2194 2203//2203 2202//2202
f 2194//2194 2202//2202 2193//2193
f 2195//2195 2204//2204 2203//2203
f 2195//2195 2203//2203 2194//2194
f 2195//2195 2196//2196 2205//2205
f 2195//2195 2205//2205 2204//2204
f 2197//2197 2206//2206 2205//2205
f 2197//2197 2205//2205 2196//2196
f 2142//2142 2207//2207 2198//2198
f 2142//2142 2198//2198 2134//2134
f 2198//2198 2207//2207 2206//2206
f 2198//2198 2206//2206 2197//2197
f 2148//2148 2200//2200 2208//2208
f 2148//2148 2141//2141 2200//2200
f 2200//2200 2201//2201 2209//2209
f 2200//2200 2209//2209 2208//2208
f 2201//2201 2202//2202 2210//2210
f 2201//2201 2210//2210 2209//2209
f 2203//2203 2211//2211 2210//2210
f 2203//2203 2210//2210 2202//2202
f 2204//2204 2212//2212 2211//2211
f 2204//2204 2211//2211 2203//2203
f 2149//2149 2212//2212 2213//2213
f 2149//2149 2213//2213 2150//2150
f 2204//2204 2205//2205 2213//2213
f 2204//2204 2213//2213 2212//2212
f 2213//2213 2214//2214 2151//2151
f 2213//2213 2151//2151 2150//2150
f 2205//2205 2206//2206 2214//2214
f 2205//2205 2214//2214 2213//2213
f 2142//2142 2152//2152 2215//2215
f 2142//2142 2215//2215 2207//2207
f 2151//2151 2214//2214 2215//2215
f 2151//2151 2215//2215 2152//2152
f 2207//2207 2215//2215 2214//2214
f 2207//2207 2214//2214 2206//2206
f 2148//2148 2216//2216 2157//2157
f 2148//2148 2208//2208 2216//2216
f 2216//2216 2217//2217 2158//2158
f 2216//2216 2158//2158 2157//2157
f 2209//2209 2217//2217 2216//2216
f 2209//2209 2216//2216 2208//2208
f 2209//2209 2210//2210 2218//2218
f 2209//2209 2218//2218 2217//2217
f 2159//2159 2218//2218 2219//2219
f 2159//2159 2219//2219 2160//2160
f 2210//2210 2211//2211 2219//2219
f 2210//2210 2219//2219 2218//2218
f 2149//2149 2161//2161 2220//2220
f 2149//2149 2220//2220 2212//2212
f 2160//2160 2219//2219 2220//2220
f 2160//2160 2220//2220 2161//2161
f 2211//2211 2212//2212 2220//2220
f 2211//2211 2220//2220 2219//2219
f 2158//2158 2221//2221 2168//2168
f 2158//2158 2217//2217 2221//2221
f 2159//2159 2169//2169 2222//2222
f 2159//2159 2222//2222 2218//2218
f 2168//2168 2221//2221 2222//2222
f 2168//2168 2222//2222 2169//2169
f 2218//2218 2222//2222 2221//2221
f 2218//2218 2221//2221 2217//2217
